タイトル,タイトルURL,画像URL,Like,作者,manga_id,作品紹介,コメント,score
新着伯爵家の秘められた侍女,https://manga.line.me/product/periodic?id=Z0003706,https://linemanga-obs.line-scdn.net/0htkfBMcEgK0RbOzVAaHJUE39mLSsiVzxNMQ16cCB8ITdoSSlkGwQdeil6K302exBwIV8xd3Y7fHIzC2gaMFpgIyo/middle,154.0,MIDNIGHT STUDIO(作画)・Baekjua(原作)・TON(脚色),Z0003706,"貧しい家に生まれた、ひどく醜い少女「ポーラ」。ひょんなことから名門ベルニタ伯爵家の侍女として雇われることになる。
しかし、伯爵家の主人「ヴィンセント・ベル二タ」は視力を失って以降、恐怖におびえ部屋に閉じこもってばかり。
彼が再び外に出られるその日まで、ポーラはひとりで彼の世話をしなければならない。誰にも知られないよう内密に。",107.0,1224.0
新着冥界の超越者、アカデミーへ帰還する,https://manga.line.me/product/periodic?id=S152461,https://linemanga-obs.line-scdn.net/0hcuTEK2fjPFppPCJjevpDDVxhOjUQUCtTAwptbhJ7NilaBCleVFpzNUR5Ym5MXCkJVVo/middle,32.0,天池のぞむ・SYNAPSE HEART・HxSTOON,S152461,魔王を討ち、世界を救った英雄リオン・クライン。だが、王国の裏切りによって、彼は深淵の牢獄へと堕とされた。『裏クエスト』ー　出口のない地獄で、100万体の魔獣を討つまで終わらない試練。十年の果てにリオンは【冥属性魔法】を得て、奈落を脱した。ーだが、たどり着いたのは別世界。魔法を司る学園だった。しかも、彼は「黒羽レン」という名も知らぬ少年として生きることを強制される。そこは『探索者（シーカー）』を育成する名門校。魔獣を討ち、未知の資源を探索する者たちが集う場所だった。そして、この学園を支配するのはーかつてリオンを貶めた宿敵、シャルク・クランドール。「すべてを奪った貴様が、ここにいるのか」　虐げられていた少年の体を借りたリオンだが、学園の序列も、『無能』と見下す連中も、彼には関係ない。「俺は、俺のやり方で這い上がる」　冥界の超越者が、学園で無双するー！　【クレジット】　天池のぞむ（原作・脚本）　SYNAPSEHEART（作画）　三木一馬（「原作・脚本」担当編集）　山田凌央（プロデュース・ディレクション）　Straight Edge（原作・脚本）　SYNAPSEHEART（制作）　HykeComic（プロデュース・ディレクション）,37.0,402.0
入学傭兵,https://manga.line.me/product/periodic?id=Z0001139,https://linemanga-obs.line-scdn.net/0h-vU_gHR6clloJmxZRpENDk17dDYRSmVQAhAjbRNheCpbZm0OXDVmaEV5ZGAwUzQNXUJoPhokLm5CUzULBEI4bxgn/middle,4513.0,原作：YC 作画：rakhyun,Z0001139,"８歳の頃に飛行機事故に遭い、唯一生き残った帯刀 壮馬 (たてわき そうま)は、生き延びるため傭兵として暮らしていくのだがー。
家族に会うため、１０年間の傭兵生活を終え故郷に戻り、２歳年下の妹と高校３年生として同じ高校入学する。
「俺の家族に手を出すヤツはタダじゃおかない」 元・最強傭兵の爽快アクション劇が幕を開ける！",776.0,12273.0
問題な王子様,https://manga.line.me/product/periodic?id=Z0002806,https://linemanga-obs.line-scdn.net/0hk_etHhbvNHBYDSp8MbFLJ31QMh8hYSN5MjtlRCNKPgNrPCxgHislSC8JMh9zXApEI2kuEn8LbUF2eHMiNG1yRShd/middle,3705.0,Solche(原作)・CACTUS(漫画),Z0002806,"父親に捨てられ、母方のバーデン家で静かに暮らしていたエルナ・ハルディ。

しかし祖父であるバーデン男爵が亡くなり、
一族の財産を親戚にすべて奪われる危機が訪れる！

エルナはどうにかバーデン家を守ろうと
父親に助けを求めるためシュベリンへ向かうことになるが…

そこで出会ったのは「王室の毒キノコ」
ビョルン・デナイスタ。

彼はスキャンダルで王太子の座から降ろされた
前代未聞の道楽者である。

バーデン家を守りたいエルナに現れた
甘い毒キノコ…

「エルナお嬢様、毒キノコは食べてはいけません。死んでしまいます！」",467.0,8375.0
ナノ魔神,https://manga.line.me/product/periodic?id=Z0000948,https://linemanga-obs.line-scdn.net/0hyWXkdxZIJnhlEjh0Tr9ZL0BPIBccfjFxDyR3TB5VLAtWY2cqLTAQYyQRIABAKh5rIXY8FhAaeEpLZ2EqCXJsSxRC/middle,1536.0,画・GGBG / 脚色・Great H / 原作・HANJUNG WOLYA,Z0000948,"あらゆる差別と暗殺の危機の中、かろうじて生き延びている主人公・天黎雲（てん りうん）。
最後の瞬間だと諦めたその時、未来から訪れた子孫によって、とてつもない力を手に入れた。

「この力はいったいー」

未来の力を手に入れ邪悪な魔教に立ち向かえ！
武侠 X SF 新感覚ジャンル、ここに始まる。",367.0,5206.0
夫を社会的に抹殺する5つの方法【フルカラー】【タテヨミ】,https://manga.line.me/product/periodic?id=S127052,https://linemanga-obs.line-scdn.net/0h8QGkiwzAZ356EnYJ9xIYKU9PYREDfnB3ECQ2SgFVbQ1JdiR4EXR4SA9XOUtSdyMsE3I/middle,9742.0,おえかき・秋好ミゲル・三田たたみ,S127052,結婚一年目、幸せな専業主婦だった茜（あかね）は、夫の大輔（だいすけ）によって絶望の淵に叩き落される。日ごとに増える暴力、モラハラ、性暴力……。少しずつ心を壊し、夫の言いなりになっていく茜。それでも『子どもさえできれば彼は変わってくれるはず』そう信じていたのに――！　夫に裏切られ、命より大事なものを奪われた茜が選んだのは、復讐という修羅の道……「簡単には殺してあげない。生き地獄をアナタに味わわせてあげる――」※77話以降は作画担当が、秋好ミゲル（ネーム・作画）、雛迷（着彩）に変更となっております。,605.0,15792.0
よくある令嬢転生だと思ったのに,https://manga.line.me/product/periodic?id=Z0003022,https://linemanga-obs.line-scdn.net/0hAq9UqsK_Hl4ELA_OfglhCSFxGDF9QAlXbhpPan9rFC03HVpMW0onSGcrCGpxXCx9cEgEMSIrSGkuWVkMOkhZbCYv/middle,16104.0,lemonfrog(原作)・DOYOSAY(脚色)・A-Jin(絵),Z0003022,"そりゃそうだ。私なんかが主人公になるわけがない。

夫に殺される運命の悪女役だけど、このパターンは熟知してる！
無念の死を遂げた対価としては悪くないと思った。
原作ストーリーを変えることは不可能だと悟るまでは…
どうぜ原作通りに死ぬのなら、超絶イケメンの夫にキスでもしてやる！

「リゲルホフの女狐らしく私を満足させてはどうですか。ひょっとしたら体の情でも移るかもしれませんよ」

…なんだか原作と違う展開になってきた!?",593.0,22034.0
最強暗殺者、クラス転移で異世界へ,https://manga.line.me/product/periodic?id=S138654,https://linemanga-obs.line-scdn.net/0hezMT2CmIOlVwLSQHZCBFAkVwPDoJQS1cGhtrYQtqMCZDG31RHxklNVFoZGFbHS5XGRs/middle,113.0,雨宮和希・akym・HxSTOON,S138654,昼は普通の高校生、夜は裏社会に生きる暗殺者。2つの顔を持つ少年、新城戒。寡黙な性格と不気味な雰囲気をまとっていることもあり、クラスメイトからは嫌われていた。ある日、突如として新城とクラスメイトはまるごと異世界に転移してしまった。そこは、剣と魔法の世界。混乱する生徒たちの前に現れたレオノーラと名乗る女性が告げる。「貴方たちは魔王を倒すために召喚された『勇者候補』です。どうか私たちを助けてください」レオノーラによってクラスメイトひとりひとりに特殊な能力『加護』が付与される。念動力や爆破など強力な『加護』が与えられる中、新城に与えられた『加護』は鑑定。対象の詳細を知ることできるスキルだが、元よりクラスから孤立していたこともあり、戦闘には役立たない無能なスキルだとクラスメイトから馬鹿にされる。しかし、新城は暗殺者としての実力や冷静な状況判断で異世界でも暗躍していく――。【クレジット】雨宮和希（原作・脚本）akym（キャラクターデザイン）しきもく（同上）加藤屋大悟（ネーム）akym（作画）しきもく（線画アシスタント）ロッド（同上）たなおたなこ（同上）斉藤ミヤビ　（背景）夜野よいち（着彩）鴉羽ヨミ（仕上げ）野上宗大（作画・着色監修）中島將智（「原作・脚本」担当編集）　高橋知佳　（「作画・着彩」担当ディレクション）山田　凌央（プロデュース・ディレクション）HykeComic（プロデュース・ディレクション）Whomor（制作）Straight Edge（原作・脚本）,273.0,2843.0
浮気しませんか？私と,https://manga.line.me/product/periodic?id=Z0003625,https://linemanga-obs.line-scdn.net/0hXc6Xw3wWB0wLIRlIPcZ4Gy58ASNyTRBFYRdWeHBmDT84VEV4UDcrTnF7MSpxFgdyfkUdeHokWnwvVEAePxBPKX4g/middle,108.0,DDOGING(漫画)・MAESA(脚色)・lee inhye(原作),Z0003625,"結婚を約束した恋人が浮気をした、私の妹と。
私と彼の家のベッドの上で絡んでいる二人の姿を見て、髪の毛でもつかむべきだったのに…
でも、二人に怒りよりも、自分の行動に対する父の暴力と無視が怖かった。
だから、私はもう少し賢くなることにした。
あなたが私の恋人と浮気をするなら、私も浮気してやるよ。
「あなたの恋人である、ハン・ヨンヒョクと」",154.0,1648.0
刺身包丁でアカデミー無双,https://manga.line.me/product/periodic?id=Z0003682,https://linemanga-obs.line-scdn.net/0hf2s1gllnOR1OSCcYBvBGSmsVP3I3JC4UJH5oKTUPM259cH8ICywUJmxNNHYUGwscFSwiemJBYC1hPX5PenpxKT4f/middle,236.0,GMAN(作画・脚色)・tangahuru(原作),Z0003682,"「切れば断ち切れます」

全国一の包丁人と称された俺は課金を数回したことのあるだけのモバイルゲームの世界に入り込んでしまった。
しかも「剣神の加護」を授けられて⋯！

それなのに⋯使える武器は刺身包丁だけだと？
１日たった１分。俺は刺身包丁で「剣聖」になる。",150.0,1736.0
会長が新入社員に転生した,https://manga.line.me/product/periodic?id=Z0003237,https://linemanga-obs.line-scdn.net/0hgoeSZBTKOEBYKiZFAttHF313Pi8hRi9JMhxpdCNtMjNreSwfPEx2VC8oGisMGD9-BU4jJygoY3dyX38SbBhxcnUt/middle,190.0,B. House(原作)・mung jwi(脚色)・Yea hwan(作画),Z0003237,"何もないところから自らの手で創業し成功させたシンウテクノロジーの会長、オ・チャンソク。
50代前半でこの世を去った彼が、同姓同名の低スペックの青年の体に転生した！
果たして彼は、新しい人生で何を成すのか──？",137.0,1560.0
あざとく、かわいく、したたかに ～私のこと、かわいいだけだと思ってた？～（分冊版）,https://manga.line.me/product/periodic?id=S130675,https://linemanga-obs.line-scdn.net/0hlYDeQN_GM3Z5HCPUxQFMIUxBNRkAcCR_EypiQgJbOQVKKnBzRHl8FV9ZbUNVL3AnF3I/middle,12.0,前田アラン,S130675,容姿端麗で気立てもよく、誰からも好かれるための努力と気遣いを惜しまない美人OL・江夏典子。常に愛想を振りまき計算された「あざとさ」で社内の人気をひとり占めしていたある時、新入社員・栗原スイの登場により状況は一転！透きとおる白い肌に儚げな佇まい、そして少女のようなあどけなさを兼ね備えた完璧な「かわいさ」を誇るスイの魅力に、一瞬で男性社員たちの視線と心を奪われてしまう。その様子に怒りと危機感を募らせる江夏は、スイをことあるごとにライバル視するようになるが……!?――「かわいい」だけじゃない、見た目の裏に潜む「あざと系女子VSあざと系女子」のしたたかさ全開、本性むき出し腹黒バトルいざ開幕!!※この作品は『ストーリーな女たち　Vol.90』に収録されています。重複購入にご注意ください。,327.0,3282.0
超越者バトルに帰還英雄が降臨した,https://manga.line.me/product/periodic?id=Z0003342,https://linemanga-obs.line-scdn.net/0hZ2g9Fl2DBR1aQBsYAp16Sn8dA3IjLBIUMHZUKSEHD25pEkRLBnI9K3YJO0UvIBgfHyQfcnlFWiR-NUJPbnJMKXkQ/middle,86.0,PlanA(作画)・Two-zero(脚色)・NICCOLO(原作),Z0003342,"自分の命と引き換えに人類を救ったヒーロ・最強の超越者「ソムン・ヨウ」。
死亡したとされていた彼が17年後の平和な世界に突然舞い戻り、超越者たちの競技『バトル・フィールド』界に変革を巻き起こす。
現代ファンタジー×バトル×スポーツ！",130.0,1386.0
せっかく令嬢に憑依したのにすでにやらかした後でした！,https://manga.line.me/product/periodic?id=S137720,https://linemanga-obs.line-scdn.net/0hcqOprm7sPF5yCS22QqJDCUdUOjELZStXGD9taglONi1BOHxbTmhwalNMYmsNai8KSD0/middle,281.0,沢野いずみ・BAON・夜田あかり,S137720,社畜のように日々働いていた主人公は、ある日、目が覚めると異世界の令嬢クリスティナに憑依していた。望んでいたような人生のやり直し、ではない。記憶によればこの身体の持ち主はとんでもない悪女で、すでに色々『やらかしたあと』だった！　王太子からは「次はない」と脅され、抑制の手段という理由で監視役の公爵令息からは「一緒に住む」と言われ…!?　本気で抹殺の理由を得ようとしていると震えるクリスティナは、好感度を下げないために労働することを思いつく。一方、公爵は監視の他にも思惑があるようで……。やらかし終えた元悪女と、監視役公爵との無自覚ロマンスファンタジー！,229.0,2571.0
リストラ男、回帰して人生逆転を目指す,https://manga.line.me/product/periodic?id=Z0003400,https://linemanga-obs.line-scdn.net/0hhw8sOiBcN1gFCilcSFNIDyBXMTd8ZiBRbzxmbH5NPSs2ZiwHchIKRl56FR5sPRttUG4tbCMPbGwtf3AKMTt_OXde/middle,169.0,O-jung(原作)・StudioMW(脚色)・Dahee Kown(作画),Z0003400,"人生を捧げた会社からリストラされたと思ったら
入社初日にタイムスリップ!?
国内屈指の大企業に入社した
低学歴新入社員の佐藤哲人。
生まれ変わった今回の人生では、
ずっと夢だった｢社長｣の座に就くことができるのか？
現代版 人生逆転ストーリー！",55.0,719.0
愛人転生 ―サレ妻は死んだ後に復讐する―（連載版）,https://manga.line.me/product/periodic?id=S144076,https://linemanga-obs.line-scdn.net/0h_y3aYxNlAFYOGBGdAHR_ATtFBjl3dBdfZC5RYnVfCiU9KxIIYSobOSpdXmN3IRcJYS0/middle,37.0,池田聖子・peep・久嘉めいら・taskeySTUDIO,S144076,夫と義家族に虐げられながら、10年間結婚生活を送っていた真山千里は、自分の誕生日に夫・悠太が若い女性と仲睦まじく歩いているのを見てしまう。愛人と揉み合いになり、勢いで二人はトラックに轢かれ――。病室で目を覚ますと「瑠奈、生きててよかった……」と愛人の名を呼ぶ悠太。鏡を見ると、千里は愛人に転生してしまっていた。千里は新しい命を懸け、悠太への復讐を誓う――。,133.0,1367.0
幼馴染との一夜はオススメしません！,https://manga.line.me/product/periodic?id=Z0003462,https://linemanga-obs.line-scdn.net/0hfIerlvBpOWZYCygQmt9GMX1WPwkhZy5vMj1oUiNMMxVrMwBEOAQ3fiprYAwdUBtDY2okBy0MZFd3fn41YTghB3sJ/middle,2456.0,The Clever(脚色)・hu yeong(作画)・Kwonzzi(原作),Z0003462,"｢生まれたときから友達だったヤツと一夜を共に!?｣

生まれた瞬間から高校まで、人生の大半を共にしたあいつ…如月 蒼真(きさらぎ そうま)。
誰でも虜にするような蒼真の美貌のせいで辛い学生生活を送ってきた私・神田 結衣(かんだ ゆい)は、二度と関わらないと神に誓い、平凡な会社員生活を送っていた。
ところがある日…酒を飲んで泥酔し、目を開けるとそこは見知らぬホテルのベッドの上。隣に寝ているのは…蒼真!?
私たちの30年間の友情、一体どうなっちゃうの!?",68.0,3136.0
替え玉養女は自由になります！,https://manga.line.me/product/periodic?id=S149632,https://linemanga-obs.line-scdn.net/0h9gxH9wlxZkhFMXhMdboZH3BsYCc8XXFBLwc3fD52bDt2AydMelEqeTV0OHxgVnUcfQU/middle,296.0,えもりゆい・かよこ・Minto Studio,S149632,両親を事故で失ったニナはルースト家に引き取られ、以降娘リリアの替え玉として生きている。これも名門魔法学校を卒業するまでの辛抱だと思い役目を受け入れていたが、エルランド殿下の魔力異常症の治療の依頼がきてから、替え玉としての人生が大きく変わっていくことに!!ニナは身代わりを強いられ窮屈な日々を過ごし…続けるほどやわじゃない!?ひたむきに前を向いて生きていく、学園ファンタジー開幕！【クレジット】原案:えもりゆい / ネーム:かやなぎ一羽 / 人物線画:かよこ / 背景:Vertwo / 着彩・仕上げ:だれ / 制作：Minto Studio,90.0,1196.0
悪役暴君はやり直したい,https://manga.line.me/product/periodic?id=Z0003672,https://linemanga-obs.line-scdn.net/0h3uMTbUg2bFpwLXJfObgTDVVwajUJQXtTGhs9bgtqZilDXF5kODFeOjdIYW0rWF58E0l3PAAvN2lVWCsIRB8kbwYu/middle,27.0,Studio wooridle(漫画)・Jepure(原作),Z0003672,"｢君が望むなら死ぬのも悪くない｣
愛する妻オリーブの手によって殺された｢暴君｣ルドビヒ。
死を受け入れた瞬間、目を覚ますとオリーブと初めて出会った庭にいた。
｢せめて人間らしく振舞っていれば、多くのことが変わっていた｣というオリーブの言葉を胸に刻み、ルドビヒは再出発する！",170.0,1727.0
甘い言葉でささやいて,https://manga.line.me/product/periodic?id=Z0003044,https://linemanga-obs.line-scdn.net/0hfn1P59h9OUEMKSdEVk5GFil0Py51RS5IZh9odXduMzI_ax5ET0cVfFdbZQV1UgRcZ00jLykvY3cpXH4TOBtwcyoo/middle,308.0,みみかちゃん,Z0003044,東雲千理は終電で帰宅途中、偶然同じ車両に乗っていた香月未来を見かける。 その後、二人は１ヵ月間電車で顔を合わせるようになる。 香月未来を目で追っていた東雲千理は徐々に特別な感情へと変わっていく。 そんなある日、東雲千理は偶然香月未来の秘密を知ることになるが…,121.0,1518.0
銀太郎さんお頼み申す,https://manga.line.me/product/periodic?id=S130791,https://linemanga-obs.line-scdn.net/0hqWezv1-zLnhYAz7ZYd1RL21eKBchbzlxMjV_TCNEJAtrZm95bTE1HS9GcE10MDx-ZW0/middle,92.0,東村アキコ,S130791,岩下さとりはバイト先のコーヒーショップに現れた謎の着物美人をひと目見た瞬間、夢中に　そんな時、着物美人から頼まれごとをされ、憧れの着物を着させてもらうことになった！　着物の美しさと、日本の伝統的な文化の奥深さに、心を打たれて――？,141.0,1502.0
コミュ障、異世界へ行く,https://manga.line.me/product/periodic?id=Z0002081,https://linemanga-obs.line-scdn.net/0hP4-JF7P2DxsQMxESYSJwTDVuCXRpXxgSegVeL2t0BWgjfwkfSQwDIn1YIXY9cC8zLlcVeWAwVCo6RkhJfAUQfzc0/middle,777.0,原作：山下将誇・作画：宇上貴正,Z0002081,異世界へ飛ばされた、引きこもりのコミュ障。,416.0,4937.0
小さな皇子を拾ったら溺愛されました,https://manga.line.me/product/periodic?id=S145475,https://linemanga-obs.line-scdn.net/0hX595JBLjBxoETBa0H-x4TTERAXV9IBATbnpWLn8LDWk3K0dJbXkafCkJWS4oeBMePiw/middle,1333.0,和泉あや・Plott,S145475,第一皇子の妃候補として宮入した小国の第三王女・リノアは、母の身分が低く、姉や妃候補たちに嫌がらせを受けていた。ある夜、傷だらけの少年・クラウスを保護したリノアは、自分の母の甥と偽って一緒に暮らすことに。だが、少年の正体は政権争いの末に、呪いで子供に姿を変えられた第一皇子だった...！彼が大人に戻るきっかけはリノアのキスで──！？「キスは手にしましょうか」「却下だ　リノアとは唇にしたい」それは、解呪できるから？それとも…… 【クレジット】和泉あや（原作・脚本） yue・乱翠（ネーム） アサ山・EVERGREEN（線画） 拓思科技（背景・着彩・仕上げ）豊田あや・山本海鈴・内ケ崎友羅・板野侑衣子・堀江理沙 / Plott（プロデュース・ディレクション）,107.0,2403.0
落第聖女なのに聖女が嫌いな辺境伯に溺愛されてます【タテヨミ】,https://manga.line.me/product/periodic?id=S144617,https://linemanga-obs.line-scdn.net/0hJhfzXTsdFUdbAwTE5NlqEG5eEygibwJOMTVEcyBEHzRoOgVDNWEPdXZGS3N1M1YYZjA/middle,81.0,shiryu・おたべさくら・テェミ・TORO缶・クロラ・Studio No.9,S144617,伯爵令嬢のリリアナは「役立たずの落第聖女」と呼ばれる落ちこぼれ。しかし本当は義妹に魔力をずっと奪われ続け本当の力を発揮することができなかったのだ。そんなある日、隣国の辺境伯から縁談話が持ち込まれる。現当主のシリウス・ルンドヴァルは「聖女が大嫌いだ」と明言しており、気が進まないが断る事もできず嫁ぐことになるリリアナ。当然のように、はじめは冷たかったシリウス。だが、やがてリリアナの真摯な姿に心を許し、徐々に距離が近づいていき――？,106.0,1141.0
最強ゲーマーはトロールしたい,https://manga.line.me/product/periodic?id=Z0002809,https://linemanga-obs.line-scdn.net/0hr5y80JCrLRpEQTMfGtdSTWEcK3U9LToTLnd8Lj8GJ2l3OCpFM34yGz4BCShhIxoxBiU3fGJCcC1hNGpIcHNkLDJB/middle,86.0,YATO(絵)・MOKKIKO AKIKKO(脚色)・Fried-Mandu(原作),Z0002809,"世界で最も蓋然性のあるゲーム。 
アジン電子、シリコフインダストリー、コーポレーションアルゴス。 
世界屈指の大企業が合作し作りだした史上初の仮想現実ゲームアルカシア。
 [ようこそいらっしゃいました　幻想の世界アルカシアへ] 
その中で起こる予想できない数々の物語に、ハードコアゲーマーであるユン・ジェヨンが挑む！！！",111.0,1196.0
月が綺麗ですね,https://manga.line.me/product/periodic?id=S113934,https://linemanga-obs.line-scdn.net/0hiEFCLk5QNmp7OifiG19JPU5nMAUCViFjEQxnXgB9PBlIAnQ_Q1srBQ5_aF5VWHE_FF8/middle,906.0,山本修世,S113934,宮下月美 25歳。見た目こそが超大事。奇麗なうちに愛嬌ふりまき条件のいい男をつかまえる。そんな人生プランをたてていたのだが…　官能検査員の鏡見からあっさり看破されて！？,63.0,1536.0
ぬらりひょんの棲む家,https://manga.line.me/product/periodic?id=S129569,https://linemanga-obs.line-scdn.net/0hHsF4ycryF1x7TQkWQxBoC04QETMCIQBVEXtGaAAKHS9IKFZeRnsIaFcISWhRdQVaTns/middle,4.0,大城密・peep・羅風龍・サイドランチ・二木靖・taskeySTUDIO,S129569,【ショートドラマサービス「SWIPEDRAMA」にて実写ドラマ化！】不眠症により体調不良になっている大学生の小山田和宏は、夏休みを利用して療養するため実家へ帰郷した。実家に着くと、居るはずの祖父母の姿が見えない。違和感を感じた和宏は両親にそのことを尋ねるが、不審な反応をされてしまう。そして和宏は、家族の異変の『正体』に気づいてしまった…。,208.0,2084.0
レベル999黒幕公女になりました,https://manga.line.me/product/periodic?id=S141472,https://linemanga-obs.line-scdn.net/0ha1NHyyS-Ph5zMS6_SuhBSUZsOHEKXSkXGQdvKgh2NG1ABn9JGFYlewR0YCtfAiwYTgM/middle,41.0,NCLO・Hangaga・SANSOBEE,S141472,乙女ゲーム「この世界は愛の力と共に」の世界に主人公ではなくLv.999魔王として転生してしまった。家門から寒い北部へ追い出されてしまったが…もしこの魔法で雪を溶かせるなら？突破口を見つけて農業を営み、自由気ままな生活を送ろうとするが…攻略キャラたちが次々と襲ってくる。あの、どうでもいいからみんな消えてくれませんか？,166.0,1701.0
転生したので闇落ち野獣を手懐けます,https://manga.line.me/product/periodic?id=Z0003578,https://linemanga-obs.line-scdn.net/0h2EHRRJD4bWp1K3Nq_78SPVB2awUMR3pjHx08Xg5sZxlGe0tjPhd4DQpqST0fT1hXCU93DAQoNllbXio4GU9yWAMp/middle,102.0,Ryuho(脚色)・yangdam(作画)・Hwang DoTol(原作),Z0003578,"ある日突然、18禁闇落ち小説の世界に転生！
美しくやさしい女性主人公の妹として転生したレナティスは、悲しい結末を迎える姉の物語を変えるため、自ら、狂気に満ちた野獣系イケメン、テオドールの生贄になった。
でも、この人、思ったより怖くないかも!? 小説で読んだ内容とは何かが違う!? 
底抜けに明るいレナティスの野獣調教記が始まる。",141.0,1512.0
嘘つき皇后様は波乱の始まり,https://manga.line.me/product/periodic?id=Z0003514,https://linemanga-obs.line-scdn.net/0hC4Hc6iR_HBt1GgIRhHBjTFBHGnQMdgsSHyxNLw5dFmhGSDsuPAIxKApeBEkFbTAVK34GKFQaRSlRb1tJGSxQf1NP/middle,72.0,YFALL・フーモア,Z0003514,"政略結婚で嫁いできた、隣国の美しき皇后。しかし、国の命運がかかったその結婚は実は偽りのものだった――その【秘密】を知ってしまったのは私だけ!?　和平のために、国中を欺くその”嘘”を新米女中が守り抜きます！
※この物語はフィクションです。実在の人物・団体・事件等とは一切関係はありません。",205.0,2122.0
夫に抱かれながら、不倫します,https://manga.line.me/product/periodic?id=S118261,https://linemanga-obs.line-scdn.net/0hiCKjY9pVNmx2EybDLQNJO0NOMAMPfyFlHCVnWA1UPB9FInVuSSZ6XwdWaFlaJiZpGHM/middle,1204.0,一城咲ルイ,S118261,「貴方にとって私はセックスだけの道具なの？」嫁のことをセックスの道具としてしか見ない夫。毎晩のように体を求めてくる彼の性欲に日々恐れを募らせていく女…すれ違っていく夫婦間。方や、子作りのプレッシャーに押しつぶされそうになっている夫婦。義母との軋轢に苦しむ夫と嫁。次第に嫁は常軌を逸した言動をするようになり、夫は疲弊していく…。そんなすれ違いの中、彼女と彼が運命的に出会う！お互いの渇きを癒すように急激に惹かれ合っていく2人。疲れ果て行き場を失った彼女と彼はついに…。,965.0,10854.0
愛されなかった私たち,https://manga.line.me/product/periodic?id=S149978,https://linemanga-obs.line-scdn.net/0hgOlCyzNAOGBROinXQz1HN2RnPg8oVi9pOwxpVCp9MhNiDncyaFl-A3d_ZlR9WC0zOF0/middle,516.0,ミヤザワユキ・SORAJIMA,S149978,結婚４年目にしてようやく授かった新しい命。幸せな家庭に憧れるあきらは胸を踊らせるが、出産を控えたある日体調が急変。病院に搬送されたあきらだったが医師たちの処置も虚しく流産してしまう…。そこに駆けつけた夫・光一はあきらを抱きしめるが、病室を去るときに意味深な笑顔を浮かべる夫をあきらは見てしまう…。３ヶ月後、悲しみに暮れ、退院して家に戻ったあきらは、ひょんなことから夫のスマホを見てしまう。「目元がすっかり光ちゃんに似てきたよ！」赤ちゃんの写真が添えられた見知らぬ女からのメッセージ。あきらの悲劇には秘密があって!?　【クレジット】脚本：ミヤザワユキ　/　ネーム：山本せと　/　人物線画：marumitsu /　人物着彩：吉乃ハル/　背景：sakippu /　仕上げ：ハヤミ　/　キャラクターデザイン：RiKO /　ロゴデザイン:屋良　/　ディレクション:渡部敬介,41.0,926.0
優しい救世主を皇帝にする方法,https://manga.line.me/product/periodic?id=Z0003608,https://linemanga-obs.line-scdn.net/0hm4LFxgqpMhtxPywfRjlNTFRiNHQIUyUSGwljLwp4OGhCeSYqGAUDGwxAEGM8DQEEFlsoeV06ayhVSnVJRQ56fVE_/middle,72.0,Marucomics(作画)・graiyo(原作),Z0003608,"夫のジョセフに裏切られ、殺されたイネス。
しかし目を覚ますと、平和だった12年前に戻ってきていた。
そのうえ回帰前に自分を救ってくれた男、カーソンが現れ…
「もしかして私たち、どこかでお会いしましたか？」",110.0,1172.0
私の破滅を願う人々へ,https://manga.line.me/product/periodic?id=S147747,https://linemanga-obs.line-scdn.net/0hvKubHI51KWRIGzhOfsZWM31GLwsxdz5tIi14UDNcIxd7Kms0J3w2Vzled1FsIzoydS0/middle,34.0,Choil・Hyangcho・Wonders,S147747,長きにわたりいがみ合ってきた二つの家門の男女が婚姻関係を結んだ。お互いを憎み合う夫婦の間で、愛情に飢えたまま育った子、それがレオニだ。あらゆる人間に利用され続け、苦しみぬいた人生だった。策略にはまり死を迎えるその瞬間、彼女は異能を使い転生した。目を覚ますとそこにいたのは10歳の頃の自分。もう一度やり直そう。今まで私を苦しめてきた人たちにお返ししてやる。令嬢の復讐は口火を切った。,72.0,754.0
異世界帰りの最強テイマー、使い魔は幼馴染,https://manga.line.me/product/periodic?id=S143599,https://linemanga-obs.line-scdn.net/0h6VwoVyueaXlKFnnYc9cWLn9LbxYzen5wICA4TTFRYwp5cyYvf3h2TG9TN0xmJXt_dnc/middle,124.0,すかいふぁーむ・冥土院ヘブん・booklistaSTUDIO,S143599,「でも私、ご主人様の渉（わたる）がいないと何もできないよ？」　異世界に突然召喚され、危機を救った高校生の渉と瑠美は、無事に現実世界へと帰還した。しかし、戻ってきたはずの現実世界は様変わりしていて、ダンジョンが発生し、人類はスキルに目覚め、まるで異世界と同じような世界になっていて…　異世界帰りのテイマー・渉と、その使い魔・瑠美。幼馴染以上恋人未満の最強コンビが無双するダンジョンファンタジー,50.0,624.0
悪竜はなんのために生きるのか,https://manga.line.me/product/periodic?id=Z0003060,https://linemanga-obs.line-scdn.net/0h7D69qI7JaGsLQHYdhxwXPC4dbgRyLH9iYXY5X3AHYhg4OStDT01lVlMpNFNZMm4-TiRyBStHP10iNS85MnN3C3kT/middle,1649.0,manubi(作画)・Honaran(脚色)・lemonfrog(原作),Z0003060,"帝国を滅亡させようと現れた悪竜｢ラベス｣を鎮めるため、生贄に捧げられたエレイン。
ところが、ラベスはエレインと旧知の仲だと告げ、願いを三つ叶えてくれるというではないか…！
とにかく世界を救うため、エレインが帝国を滅亡させないでほしいと願うと、16歳だった10年前にタイムスリップしていた。

しかし、ラベスは他にも何かを企んでいるようで…？",144.0,3089.0
悪役奴隷のご主人様になりました,https://manga.line.me/product/periodic?id=S148061,https://linemanga-obs.line-scdn.net/0hC6nLj0XVHBlTNQ0bGQpjTmZoGnYqWQsQOQNNLShyFmpgAghKagcEe39wQiwuBQ8dO1o/middle,95.0,Peroche・MOoji・MUZO,S148061,20年間奴隷として人生を送り、なぜか闇落ちして帝国を滅ぼしてしまう主人公キアン。よりによって、そんな悪役のような主人公に殺されるキャラクターに転生するなんて…　生き残るためには主人公の闇落ちを防ぐしかないと思い　私は奴隷オークションに出された主人公を買った。「キアンと申します。これから誠心誠意お仕えします。」　ついに対面した主人公は、血に濡れた虐殺者とはほど遠い顔をしていた。主人公が魔法師として覚醒するまで　愛と優しさで彼を包み込み、なんとか闇落ちは防げたかと思いきや――　…どうやら主人公は私に惚れて、執着男子に変わってしまったみたい。,128.0,1375.0
東京カンナビス特区 大麻王と呼ばれた男,https://manga.line.me/product/periodic?id=S117676,https://linemanga-obs.line-scdn.net/0hCqMf_tnRHF5wHw2Lxw1jCUVCGjEJcwtXGilNagtYFi1DKQxfRSpUbQFaQmsJeF9fHn0/middle,9.0,稲井雄人,S117676,花屋を営む千東森生は、妻と高校生の娘との3人暮らし。子供の頃から植物が好きで始めた花屋の経営は芳しくなく、妻はパートに出て、なんとか生計を立てていた。そんな折に届いた大学の同窓会の報せ。懐かしい思い出に後押しされるように、同窓会へ参加した森生は、そこでかつての親友・加賀山に声をかけられる。久々の再会に、昔を懐かしむ森生だったが、加賀山からとある仕事を依頼されーーー。,165.0,1659.0
無限レベルアップin武林,https://manga.line.me/product/periodic?id=Z0001443,https://linemanga-obs.line-scdn.net/0hCn06-hjoHEENTwJEUs1jFigSGi50IwtIZ3lNdXYIFjI-KFp_cCpRIm8EASFaBzl2cysGJ31NRHImOlsTOX1VL3pL/middle,113.0,GonBoong(原作)・KIM. JINU(作画),Z0001443,"突然現れた強者のせいで武林全体は戦争の真っただ中であった。上級階層の物たちは下層の物たちを盾に逃げ、その戦いで武林盟は全滅してしまう。
幼いころから父に努力は人を裏切らないと教えられていた主人公ユソンは、そんな父の言葉は間違っていたのだと打ちひしがれてしまう。

戦いで死んだと思ったユソンだったが、目を覚ますと自らの過去に戻っていた⁉
昔合格できなかった武館の狭き門を突破し注目を浴びるユソンであったが、果たして未来を変えることはできるのだろうか。
任務を遂行し努力した分だけレベルの上がる世界でユソンを待つ運命とはーー",49.0,603.0
ギルドの受付魔人～無限チュートリアルでカンスト突破～,https://manga.line.me/product/periodic?id=S139990,https://linemanga-obs.line-scdn.net/0hU9grcGlNChZaCxq3Y9F1QW9WDHkjZx0fMD1bIiFMAGVpMhhIZzhBJyhOVCN2OBgQZzg/middle,76.0,白石新・友吉・志勇・3rd Ie・川口海・ＤＡＤＡＤＡ・囃子依,S139990,ダンジョンが出現した現代。プレイヤー適正で全てが決まる世界で、飯島譲二はまさかの最低適正のFだった!?　友人に借金を背負わされ、無能だと馬鹿にされたりとプレイヤーとして最低なスタートを切ることになった飯島譲二。しかし、ひょんことから彼は無限チュートリアルを行うことになり……〇〇年が経過した。レベル9999となった彼だったが、無限に繰り返されるチュートリアルに彼の心は壊れる寸前。――レベルがアップしました　カウントストップの向こう側に到達すると共に世界がバグり、彼はプレイヤーとして目覚めた瞬間まで時をさかのぼり、規格外のレベルのままに人生をやり直すことになったのだ。「なんだアイツは!?　なんであんな化け物がギルドの受付職員をやってるんだ!?」　腕を振るえば建物が消し飛び、魔法を唱えりゃ大惨事。プレイヤーギルドの受付男が見せつける圧倒的破壊力に周囲が騒然！　冴えないアラサー男のやり直し人生大逆転劇、ここに開幕っ!!!!,59.0,666.0
異常死体解剖ファイル,https://manga.line.me/product/periodic?id=S140164,https://linemanga-obs.line-scdn.net/0hsqTSeq8uLF5pKjzpWYZTCVx3KjEQRjtXAxx9ahJtJi1aTjwIBR5nPExvcmtFSD8KUx8/middle,8.0,石川オレオ・月桜しおり・peep,S140164,法医学者の染井沙代里は、遺体に話しかけることで「遺体の声が聞こえる」という「特異体質」の持ち主だった。しかし竹本刑事が運び込んだ【不気味な死体】のせいで彼女の日常は壊れてしまう。それもそのはず。その【不気味な死体】は【呪われた死体】だったのだ。,228.0,2288.0
疑似恋愛,https://manga.line.me/product/periodic?id=Z0002978,https://linemanga-obs.line-scdn.net/0h5B4Lffrzam0JNXRhe2cVOi1obAJwWX1kYwM7WXJyYB46AVd7Ny4sUStqcRZkei1ga1FwCiswNlRhBSlrMwMhXCg/middle,21.0,yeoeun,Z0002978,恋愛はめんどくさいけど、スキンシップはしたい！そんな願いを抱く、29歳・彼氏いない歴１年の豊栄梓美。ある日梓美の職場にイケメン新入社員・久沢錫也が入社してくる。梓美に好意的な態度を見せるが、どこか一線を引いてくる錫也。デートもするしスキンシップもするけど、付き合ってはいない…。この関係をなんと呼べばいいのだろうか？恋人のようで恋人でない、二人の関係の行方は…!?,62.0,641.0
聖皇の孫はチートなネクロマンサー,https://manga.line.me/product/periodic?id=Z0003337,https://linemanga-obs.line-scdn.net/0htWETPizrK3h4LTVKerpUL11wLRcBQTxxEht6TANqIQtLeCVKIylkSAF3BTESHmVKEUkxHwordU9WWGwqTEtmGQ4s/middle,98.0,Shadow Man(原作)・Kimoong(作画)・stu.neulbom(脚色・コンテ),Z0003337,"バーチャルゲームのテスト中にこの世を去った主人公は
聖皇の孫、荒くれ者 ”アレン・オルフォルス”として突如、目覚めた。
ゲーム内の職業であるネクロマンサーの能力はそのままに憑依!?

「俺はね、1回目の人生はほんの少し複雑だったけど、
２回目の人生は静かに謳歌したいんだ」

ネクロマンサーが大罪人と言われるこの世界で、
はたして彼は思い通り生きていくことができるのだろうか？",34.0,438.0
暴君にフラれる10の方法,https://manga.line.me/product/periodic?id=Z0003176,https://linemanga-obs.line-scdn.net/0hPcT0PQZxD0xpSREKDaZwG0wUCSMQJRhFA39eeBIOBT9aGT96EFomTxE2VAtHAD1aDi0Vf0lAVn9GPEgeUXpIKxxA/middle,271.0,Seo Gwijo(原作)・danmyeong(脚色)・9999(脚色)・mapzzil(作画),Z0003176,"19歳のある日、私は亡くなって小説の中の世界に入りこんだ。
それもよりによって、婚約相手の暴君に殺されてしまう悪女スカーレットの体に乗りうつってしまい!?
原作のように暴君に殺されるなんて嫌だ。
死を免れるため、暴君には私をフッていただきます！",146.0,1731.0
貴族次男の成り上がり～魔法を極めて世界最強になった転生者～,https://manga.line.me/product/periodic?id=S105985,https://linemanga-obs.line-scdn.net/0hqdo4WFnSLktSTT7OPOBRHGcQKCQrITlCOHt_fykKJDhhfDseOi4xK3EIcH5_KmgVaHs/middle,103.0,三木なずな・葉山冬悟,S105985,転生×貴族×魔法チート！　異世界の貴族に転生したアラドは、日本でブラック企業に勤めていた時より悠々自適な生活を過ごしていた。唯一不満に思っているのが、一年に一度の「神託ガチャ」であたりを引けず、異世界に転生したのに魔法が使えないことだけだった。しかしある日、他人には見えない魔法が使われたあとの「かけら」が見えることがわかり、そのかけらを集めれば魔法が身につくことも判明した。かけらを集めて魔法を覚えるという自分だけの能力で、アラドはあらゆる魔法を手に入れていき、貴族かつ稀代の大魔導師という唯一無二の存在になっていくのだった。,41.0,513.0
美醜の大地～復讐のために顔を捨てた女～,https://manga.line.me/product/periodic?id=S140196,https://linemanga-obs.line-scdn.net/0hv3AQ5hAiKRx8KDmYhutWS0l1L3MFRD4VFh54KAdvI29PHWdCSUgzfAltdylSGWYfQEs/middle,69.0,藤森治見,S140196,いじめによってすべてを奪われた女が別人に生まれ変わり、地獄の復讐に身を投じる！昭和20年、太平洋戦争が終わりかけていた時代、樺太(からふと)で生まれ育った少女・市村ハナは、醜い容姿のため女学校で凄惨ないじめを受けていた。いじめのリーダー格は大会社の令嬢・高島津絢子。彼女によって泥棒の濡れ衣を着せられたハナは、退学に追い込まれてしまう。やがてソ連軍が空襲を開始し、樺太から北海道へ逃れる船に乗り込んだハナ一家だったが、いじめグループによって船から追い出されてしまい……。※この作品は一部修正を加えております。,317.0,3239.0
片想いは結婚しても終わらない,https://manga.line.me/product/periodic?id=Z0003452,https://linemanga-obs.line-scdn.net/0hvPmtiHybKX9QDTd7HZZWKHRQLxApYT52Ojt4SytKIwxjaTN8LhQVeSMKMzwGXG9wNGkzHXUOc0g4PWohO2xgSic/middle,86.0,Checurry(脚色)・team labo(作画)・Nuova(原作),Z0003452,"アルカス公爵が難民だったミエルを救った瞬間、彼女の心に小さな恋心が芽生えた。
それはやがて立派な片想いに育つが、彼女は公爵への気持ちを隠し続けた。
そして8年後… ｢私と結婚しよう｣有能な補佐官となった彼女に主君は言った。 
戸惑うミエルに｢君が一番後腐れなさそうだ｣と、主君はいつもと変わらぬクールな表情で続けた。
そう…彼が望むのは、甥に爵位を譲るまでの期間限定の公爵夫人…見せかけだけの契約結婚だった。
後継者さえ産まなければ弟たちの教育も、家の借金も全て公爵家が面倒を見るという破格の条件に、
ミエルは家族のためなら自分の感情を隠し通してみせると、契約結婚を承諾する。
ところが公爵様の態度がたまに紛らわしくて… 
ひょっとして公爵様も私のことを…？",44.0,526.0
天然さんは恋に疎い,https://manga.line.me/product/periodic?id=Z0003344,https://linemanga-obs.line-scdn.net/0he3n2sVQSOhxTSyQZHS1FS3YWPHMqJy0VOX1rKCgMMG9gJX0OZ2oyeCYIA2oeKRQ4ai8gfnBJYyp_Pn1OZ3lyKnVL/middle,39.0,GURI,Z0003344,"ポジティブであるがゆえの鈍さなのか？世界一空気が読めない女、「桑名明里」。
そんな彼女に密かに想いを寄せる男たちがいる。
果たして彼らの想いは「センスゼロ」な明里に届くだろうか。
今世紀一のニブチンラブコメディ。",150.0,1539.0
謎の公子は天下十大高手,https://manga.line.me/product/periodic?id=Z0003435,https://linemanga-obs.line-scdn.net/0hMIs7cLU7EmZOTgxiBwJtMWsTFAk3IgVvJHhDUjUJGBV9CS5tBn0LQzIeSl40AiFuEyoIUj9LT1FmO1U0en9aU2od/middle,146.0,ウンチャン(原作)・状況が急(作画)・トリコムズスタジオ(脚色),Z0003435,"天下大戦を経て往年の威厳をなくした魔道林。

傾く一方の魔道林へ、勘当された魔道林主の娘が産んだ孫・秦武颯が加勢し、
武林の勢力図はガラッと変わっていく。

母の遺言を守るべく、魔道林の再建のため勤しむ武颯の活躍記。",40.0,546.0
それって初恋ですか、殿下,https://manga.line.me/product/periodic?id=S152190,https://linemanga-obs.line-scdn.net/0hloS9vzCFM0BuQC0YqrhMF1sdNS8XLCRJBHZidBUHOTNddCMUU3J8LxsFbXRFInNBUXE/middle,39.0,Lee yuna・Hyuk・9jung・en-dolphin studio,S152190,「美しい…君の名前は？俺のものにならないか？」昔々、ある呪いにかかり、誰も愛せなくなった可哀想な皇太子がいた。愛する感情を諦め生きてきた皇太子だったが、とある舞踏会で生まれて初めて美しく愛おしいと思えるモノに出会い、心奪われ、その場で熱烈な愛の告白をする。しかし、その相手は…決して美しいとは言えない、その上恐ろしい噂のある黒猫（♂）だったのだ！皇太子は猫とその飼い主を皇宮に招待し、最愛の猫がそばにいる幸せを噛み締めていたが、どうにも猫のオマケである飼い主の女性が気になってしまう。なんの取り柄もない平民の女性なのに、皇太子の視線は彼女にくぎ付けだった。「君は俺を今まで感じたことのない思いにさせるんだ。君を見てると触れたいし、抱きしめたくなる。俺はこんな感情を知らない。」「君に…口づけをしてもいいだろうか？」,64.0,679.0
喧嘩アプリ,https://manga.line.me/product/periodic?id=Z0003698,https://linemanga-obs.line-scdn.net/0hWpH-haAXCF91VBZVgOh3CFAJDjAMOB9WH2JZaw4TAixGIRNeCGIvUFYxPTkfDBl7KjASawRUUmtYIU8NGWJHbgUH/middle,14.0,羽柴マル,Z0003698,"「喧嘩アプリ」があなたを強くします！

同じクラスの塚本にプロレス技の練習相手にされ、いじめられる日々を送る水島直樹・高校1年。
​無力さに打ちのめされている水島の前に偶然現れたのは、「喧嘩アプリ」というスマホアプリ？
相手に攻撃を命中させるとポイントが得られ、そのポイントで戦いに役立つ技を習得できるという、怪しい説明…。
​しかし藁にもすがる思いでアプリをインストールし試してみる水島…。​ところが、まさかの本物だった！？

果たして水島は「喧嘩アプリ」を使って、自分自身を守ることができるのかーー！
※この物語はフィクションです。実在の人物・団体・事件等とは一切関係はありません。",27.0,284.0
復讐のときが来るまで,https://manga.line.me/product/periodic?id=Z0003582,https://linemanga-obs.line-scdn.net/0hT63V1JKiCxkOLxUdPb90TityDXZ3QxwQZBlaLXVoAWo9fTtHdygnCyNtDy1LdC5PTksRei0qVigiWkxLOh5De3gp/middle,8.0,Edith(原作)・RedpeachStudio(企画・作画),Z0003582,"主人公・芹奈(せりな)は、夫との間に一人息子を授かり、幸せな毎日を過ごしていた。
ところがある日、夫の不倫現場を目撃してしまう。
長年に渡って裏切られていたことを知り、離婚を決心する芹奈だったが、実行へと移す前に交通事故によって息子の命が奪われ、芹奈自身も何者かに殺害されてしまう。
しかし目を覚ますと、どういうわけか結婚前の過去へと戻っていた。
再び愛する息子を産み、夫に復讐することを誓う芹奈だったが…!?",12.0,128.0
ヤバい奴らに執着されるC級ガイドになった,https://manga.line.me/product/periodic?id=S144188,https://linemanga-obs.line-scdn.net/0hPZjgA2KLD3VXHhFBjmBwImJDCRouchh8PSheQSxZBQZkKE8lbS8XEidbUUFyL04rO3A/middle,34.0,seodoa・Nillili・藤村ゆかこ・en-dolphin studio,S144188,ある日突然、世界各地にゲートが開き、怪獣が出現した。人類滅亡が危ぶまれた頃、科学的に説明できない「異能力」を発現した人々が現れた。戦闘系異能力を持つ「エスパー」と、エスパーが異能力を使いすぎることで起きる暴走を鎮める「ガイド」。彼らのおかげで、人類は滅亡の危機から脱した。C級ガイドである早瀬美玖の目標は、細く長く、目立たずにひっそりと安定した人生を送ること。それなりの収入を得て、順風満帆な生活を送っていた美玖に突如知らされたのは、国内にたった2人しかいない最強S級エスパー八城賢斗との「マッチング率89%」という驚愕の検査結果と、賢斗の専属ガイドの任命だった！賢斗の専属ガイドになって以降、美玖の生活は大きく変わってしまった――。美玖にだけ懐き、優しく可愛い年下男子、八城賢斗。国内もう1人のS級エスパーで、理性的かつ冷徹な上司、國陶玄親。謎多き英国紳士エスパー、ジェリー。3人のヤバいイケメンエスパーが、なぜか美玖に執着しはじめ…「こんな人生、クソすぎる！」,79.0,824.0
竜の尻尾を噛む二十日鼠,https://manga.line.me/product/periodic?id=S147846,https://linemanga-obs.line-scdn.net/0hC9Mf9sTgHBZwHwJb7n5jQUVCGnkJcwsfGilNIgtYFmVDfFtGG3lTI1JaQiJaKVlJH34/middle,13.0,よしきち・崎・真墨・Planet303・CONTENTSLABBLUE TOKYO,S147846,裏路地で生活していた孤児の「ハツカネズミ」は最後の死に場所を探すため彷徨い、サルタトール伯爵家にたどり着く。なぜか伯爵家の一人娘の代わりに皇帝の縁談に送られた。そこには後宮を食い殺すという噂の皇帝、ソルがいた。ソルは死ぬかもしれないと脅すが「ハツカネズミ」は逃げない。ベールに包まれた皇帝と不思議ちゃんハツカネズミの切なくて純粋なラブストーリー!!,82.0,833.0
伝説のハンター(82歳)、クリア報酬で若返る,https://manga.line.me/product/periodic?id=Z0003591,https://linemanga-obs.line-scdn.net/0h9GnpmKrhZmhTCXhsZWcZP3ZUYAcqZXFhOT83XChObBtgS0JraAtLfCtWPTo7WGZMO218C3MMPVp5fCE6ZzguDXUB/middle,11.0,Baek youngmin(脚色・作画)・BBing(原作),Z0003591,"「あと10年若ければ…！！」
＜対象の願いを反映した特別報酬が支給されます＞
82歳で引退生活をしていた伝説のハンター『吉成茂雄』。
偶然不老の能力を与えられ若返り、久しぶりにハンター業界へ戻ってきたのだが…。
ハンター業界に腐ったヤツらが多すぎる！？",25.0,261.0
クールなふたりは見かけによらない,https://manga.line.me/product/periodic?id=S135553,https://linemanga-obs.line-scdn.net/0hghUSUqXEOEdoKijmUfFHEF13PigRRi9OAhxpcxNtMjRbTS0SUU5zJB1vZnJEGSpBVR4/middle,17.0,道雪葵,S135553,凛々しい顔立ちとオーラで「デキる男」感満載の多田野は、びっくりするほど仕事ができない。今日も取引先を怒らせた挙句、氷の帝王・氷鷹社長にコーヒーをぶっかけてしまった…。落ち込む多田野はスーパーで氷鷹社長と鉢合わせ。いつもクールで完璧な社長なら家事もスマートにこなせ――………てない!!?【仕事はできるが家事ができない氷鷹社長】と【家事はできるが仕事ができない多田野くん】ふたりのギャップから目が離せない!?愛すべきポンコツ日常コメディ！,156.0,1577.0
（ノベル）再婚承認を要求します,https://manga.line.me/product/periodic?id=Z0002047,https://linemanga-obs.line-scdn.net/0heHyViGp-OmdELyRmRdJFMGByPAg9Qy1uLhlrUz9oMBR3ahl6EU0qcQRyMSAfHiNDeEsgVGAqYVAsH3lhe0t3CTE/middle,94.0,Alphatart,Z0002047,"『再婚承認を要求します』の原作ノベル、遂に登場！ 
ナビエは生涯、皇后になるための教育を受け、皇帝と政略結婚した「完璧な皇后」だった。しかし、皇后になって３年、 皇帝のソビエシュは狩り場で出会った奴隷出身のラスタに一目惚れし、ラスタを宮殿に迎え入れ「皇帝の側室」という地位まで与えた。
そしてソビエシュはラスタにはまっていくほどナビエを傷つける行動を繰り返す。
ラスタは自身を皇后にしてほしいとソビエシュに哀願し皇帝の座まで狙う。
ナビエは自身が皇后になるために努力してきたことが水の泡になったことを悟り離婚することを決心、隣国の皇后になるために再婚承認を要求するが…",351.0,3604.0
俺だけレベルカンスト～ダンジョン無双で億バズ配信～,https://manga.line.me/product/periodic?id=S146582,https://linemanga-obs.line-scdn.net/0h-Lh-nBsQcmNVVGMdrDENNGAJdAwsOGVqP2IjVy4TeBBmYTJiaWJvVSQRLFZ8Yz09OjI/middle,8.0,どまどま・ouei・たるぺんG・手づくり最中・スズキユカリ・遠藤了・屋良・高栖きの・SORAJIMA,S146582,突如世界各地にダンジョンが出現した現代日本。現実では生粋の陰キャである主人公「大桃怜」は、ダンジョンでは世界で唯一レベルがカンストしていた。社会との関わりを絶ってひたすらダンジョンにのめり込んでいた怜は、ある日チャンネル登録者1000万人の美少女有名配信者「ユリア」の危機を救うことになる。意図せずダンジョン配信でバズってしまった怜は、平穏な日常を求めるのとは裏腹に、裏社会や国までもを巻き込んだダンジョンのさらなる秘密へと巻き込まれていく。【クレジット】原作：どまどま/ネーム：ouei/作画：たるぺんG，手づくり最中/背景：スズキユカリ/仕上げ：遠藤了/ロゴ：屋良/キービジュアル：屋良・高栖きの/制作：SORAJIMA,22.0,228.0
ヴィラン・トゥ・キル,https://manga.line.me/product/periodic?id=Z0001387,https://linemanga-obs.line-scdn.net/0h6DiC1LZ2aWtUOnduGecWPHFnbwQtVn5iPgw4Xy99YxhnDF5GLDojbxVaVCB-TXt9DF5zCHY4PltxTy45YAghC3dq/middle,50.0,FUPIN(ストーリー)・Eunji(作画),Z0001387,"この世には特別な力を持つ者たちが存在する。
超能力を利用して罪を犯す「ヴィラン」とそのヴィランに立ち向かう「サイカー」

作戦を無視し謹慎を言い渡されたトップレベルのサイカー「カシアン」は、幼い頃から慕っている「ジェフ」に呼び出されるが、現れたジェフはボロボロの姿だった……
ジェフはカシアンに、とあるネックレスを託すが追手によりカシアンの目の前で殺されてしまう。
カシアンはジェフを殺害した謎の人物を追いかけるが戦闘の末、彼も撃たれてしまい終わったと思った瞬間…！目を覚ましてみると、とある少年の体に憑依していてジェフを殺害したのは自分だと報道されていた…⁉
激昂する彼はヴィランとして覚醒してしまう…！",42.0,470.0
豹変した暴君に溺愛されています,https://manga.line.me/product/periodic?id=Z0002900,https://linemanga-obs.line-scdn.net/0hLDQ4ydetE2tsTQ1uK4JsPEkQFQQVIQRiBntCXxcKGRhfBS5CKFkAXi43BQwoHDBoACkJX0tNRV9FOFQ5WH9aDUBE/middle,22.0,ソガリ―(作画)・sarkk(脚色)・imhayamm(原作),Z0002900,"ある日、皇帝から暴君リオネル・ヴィアンク大公を
暗殺してくれという依頼を受ける。
組織の皆と平凡に暮らすことを望んでいたアタランテは依頼を引き受け、
大公城に潜り込み暗殺を試みるが…
『なんで死なないのよ？』
一瞬にして愛を囁く大公から果たしてアタランテは無事に脱出することができるのか！？",80.0,822.0
猫と竜,https://manga.line.me/product/periodic?id=S117300,https://linemanga-obs.line-scdn.net/0hNDKYhEZPEWt2IAHBT_1uPEN9FwQPTAZiHBZAXw1nGxhFF1E5QkYNCwRlT15aGANtSxY/middle,16.0,佐々木泉・アマラ・大熊まい,S117300,「小説家になろう」の短編作品としては異例の日刊ランキング1位を獲得。その後もリスト短編ランキング上位をキープし続ける大人気ファンタジーが待望のコミカライズ！　「なぁ、羽のおじちゃん。おいら人間の子供に、魔法を教えてやりたいんだ」。深い深い森の奥。一匹の火吹き竜が、魔法を操る猫たちと暮らしていた。竜は、この森で猫に育てられたのだ。竜の寿命は永い。兄弟猫はとっくに眠りに就き、その子猫が育ち、また新たな命が生まれる。長きにわたり森の猫を守り育てる人間嫌いの竜を、猫たちは「羽のおじちゃん」と呼び、人間は畏怖と敬意を込めて「猫竜」と呼んだ。森の猫は大きくなると、縄張りを求めて巣立っていく。その中には、人間と暮らす猫もいるのだ。冒険の旅に出た王子と、師匠の黒猫。孤児院に住むものぐさ少女と、少女に魔法を教える白猫。冒険者ギルドの看板猫になったのもいる。そして森では、今日も竜が子猫に狩りを教えている。これは、猫と竜と人間の、温かくて不思議な物語。,98.0,996.0
消えゆく皇女のために,https://manga.line.me/product/periodic?id=Z0003688,https://linemanga-obs.line-scdn.net/0h3239EjwXbB0OQHIYRQ4TSisdanJ3LHsUZHY9KXUHZm49KnMQN058LkMjQXVbCHY7bSR2LiJCNSUjNStPOnIkLipI/middle,9.0,942(脚色)・Rimha(作画)・seodamyeon(原作),Z0003688,"裏通りでこそ泥たちと暮らしていた私が「皇女」かもしれない…!?
ネックレスを売ったのがきっかけで、皇室に入ることになった主人公サーシャ。
勘だけはずば抜けて鋭い裏通り出身の姫「サーシャ」と、皇女の婚約者でありながらそばで黙々と守ってくれる冷血な公爵「ラスカン」の秘密のロマンスが、今始まる！",9.0,99.0
転生して人気俳優に片思いされてますけど何か？,https://manga.line.me/product/periodic?id=S147877,https://linemanga-obs.line-scdn.net/0hG5DlXmLuGBp5FQkcNR1nTUxIHnUAeQ8TEyNJLgJSEmlKcgseF3YAKFxQRi9ccAtLECQ/middle,12.0,bubujianxi・Qingying・Kuaikan Comics,S147877,終末世界で女戦神だった紅林美樹は、21世紀の同姓同名の幸薄き三流女優の体に転生した。そして、転生したその日に異能を使ってナンバーワン俳優の氷川蒼汰を大事故から救う。誰に対してもクールな蒼汰は命の恩人であり、どこか不思議な美樹に惹かれ、人生で初めて恋をした。今世をいい人生にするために異能を活かし、無敵のアクション女優となって脚光を浴びる美樹とそんな彼女に恋い焦がれる蒼汰、二人の恋は果たして実るのか？,29.0,302.0
末日の進化：ウィルス王の覚醒,https://manga.line.me/product/periodic?id=Z0003607,https://linemanga-obs.line-scdn.net/0hdiqTL_FYO0ZMLSV_HA5EEWlwPSk1QSxPJhtqcjdqMTV_YHpUMxVydh0pGjZpHBt5AkkhJTwrbXFjWHwUeBt9JW4o/middle,23.0,Guishenyanluo/faloo+Yoma,Z0003607,能力を駆使して、必ず復讐してやる！,19.0,213.0
冒険者パーティーを追放された回復士の少女を拾って育成したら、まさかの最強職業に転職!? おまけに彼女の様子が何やらおかしくて…　【連載版】,https://manga.line.me/product/periodic?id=S137111,https://linemanga-obs.line-scdn.net/0hYrsvSm7aBl1ODxb2E3l5CntSADI3YxFUJDlXaTVIDC59N0YOdDtMPW1KWGhiNhYPImk/middle,14.0,清露・星くずし・えーる,S137111,誰にも頼ろうとせず孤独に生きる冒険者・コトが偶然雨の日の道端で出会ったのは、役立たず扱いされて他のパーティーを追い出された、回復士の少女・ミリィだった。無視するつもりが懐いてしまった彼女を、なぜか家へ連れ帰る羽目になり……！　孤高の冒険者とおっちょこちょい回復士がダンジョンに挑む、ドジカワ共同生活ファンタジー!!　漫画内の告知等は過去のものとなりますので、ご注意ください。,32.0,334.0
初恋はヘイト,https://manga.line.me/product/periodic?id=Z0003149,https://linemanga-obs.line-scdn.net/0hPbcVf7NYD01eLxFtimpwGmVyCSInQxhENBleeSVoBT5tSCMYITkyTiVoBC0oSg1hHEsVKiknUThzG0EeY0hBKA/middle,71.0,マンドゥ,Z0003149,"先生になるという夢があるウンハは猛勉強の末に教育大生になる。
しかし、同じ科の同期にウンハの初恋の相手であり、幼なじみだった
スンミンがいるという事実を知る。
しかし、スンミンは中・高校生の時は不良グループに所属しており、
ウンハとは疎遠になっていた仲だった。
　不良だった頃の雰囲気とはガラッと変わって、
今は地味なフリをしている彼が
少しずつ彼女に接近している…!?",92.0,991.0
奪われる覚悟はよろしいですか？　～悪誉れの乙女と英雄葬の騎士～,https://manga.line.me/product/periodic?id=Z0003585,https://linemanga-obs.line-scdn.net/0hWTcundjKCHteDBZxrG13LHtRDhQnYB9yNDpZTyVLAghtXzJVKwoRFARNIC0XTA9MJ2gTHS4MUkJ7eU8pMjpEGngL/middle,10.0,天海ふし・フーモア,Z0003585,"悪女と呼ばれても、求める道のため――「偽物令嬢」が全てを奪ってみせます！

海賊に拾われ育った少女、クレア。海賊団の船長試験に挑む彼女は、美しく冷徹な男、アドルフに行く手を阻まれる。彼は国にその名をとどろかせる英雄騎士だった。
アドルフに捕まり絶体絶命の危機に立たされたクレアだが、全ては王女とその臣下だった養父の策略で!?　クレアは自分と仲間の命と引き換えに、ある任務を受けることに。
それは偽の「伯爵令嬢」の地位を与えられ、とある事件の秘密を探ること。正体がバレても、失敗しても命はない、しかも「悪女」クレアを監視するためにつけられたのはまさかのアドルフ。がけっぷち状態のクレアとアドルフは任務のため『偽の恋人』として過ごす事になるも、真逆の生き方をしてきた二人はぶつかり合うばかり。
しかし、クレアの度胸と機転、アドルフの不器用な優しさ、お互いの信念を知ったふたりは少しずつ心を寄せるようになり…？

※この物語はフィクションです。実在の人物・団体・事件等とは一切関係はありません。",35.0,360.0
閻魔降臨,https://manga.line.me/product/periodic?id=Z0003321,https://linemanga-obs.line-scdn.net/0hbKxhi3HYPWRFESNgfFRCM2BMOws8fSptLydsUD5WNxd2IClNIxAsaRJZJy8qIgYxe3UnAjIUYlxhZHo2cSB2UWES/middle,14.0,BARUNFLOWER,Z0003321,"地獄が滅びた。
血が流れるはずの黄泉には清水が流れ、亡者を煮えたぎらすはずの釜はとうの昔に冷めてしまった。

引退した閻魔大王は自分の幸せを追い求めて輪廻の道を選ぼうとするが、秩序をなくした地獄と行方不明になった後任の髭もじゃにより、その願いは頓挫してしまう。

人間界の神になるべく人間界と地獄に混沌をもたらしたまま姿を消してしまった髭もじゃ。閻魔はそんな彼の跡を追って人間界に降臨するが、髭もじゃの陰謀により人間界は地獄から逃げてきた亡者たちで大混乱に陥っていたのだった。
閻魔は地獄名簿の力を借りて人を守る「葬儀師」たちと協力して髭もじゃを倒し、世界を元に戻すために奮闘する。
果たして閻魔は無事、輪廻への道を歩めるのだろうか。",42.0,434.0
北くんがかわいすぎて手に余るので、３人でシェアすることにしました。 分冊版,https://manga.line.me/product/periodic?id=S115856,https://linemanga-obs.line-scdn.net/0h6D56Y1biaWsIT3dU15YWPD0SbwRxI35iYnk4X3MIYxg7KiY8MX4gDigKN18teyg0NX0/middle,1.0,榊こつぶ,S115856,手放せないけど、手に負えない・・・！　そんな極上イケメンヒモ男・北くん（26）を繋ぎとめるべく、東子（31・女）、南（29・女）、西野（24・男）の３人が手を組み導き出した答え、それが【カレをシェアするシェアハウス】生活!! 100％は望めない、０％は耐えられない、だから今は33％ずつの恋人でいい――。そう誓った（はずの）３人と北くんの、欲望にまみれた同居生活が、こうして始まりました。,80.0,801.0
神之塔,https://manga.line.me/product/periodic?id=Z0000197,https://linemanga-obs.line-scdn.net/0hVrcsRAkNCV1eChcb4JF2CntXDzInZh5UNDxYaSVNAy5tMx1sawUfS3p0A2pzbRtuJm4TbikDVWhxf04PZjkTayhY/middle,761.0,SIU,Z0000197,"物語の舞台は、「頂上に登れば、財産も権力も、何でも欲しいものが与えられる」という伝説の「神之塔」。自分の全てだった少女・ラヘルを追いかけ、塔に飛び込んだ少年・夜。しかし、彼の冒険は予想外の試練と秘密に満ちていてー。
次々と降りかかる試練、塔を目指し集まった猛者たちのあいだで、夜は自分自身の真の姿を知ることになる・・・。一度も太陽を見たことがない少年・夜と、ただ星空を追い求める少女・ラヘルを中心に描く冒険ファンタジー作品。",679.0,7551.0
死ぬか、あるいは恋に堕ちるか,https://manga.line.me/product/periodic?id=Z0003479,https://linemanga-obs.line-scdn.net/0hhMFx3x_JN2J7ASlmT5JINV5cMQ0CbSBrETdmVgBGPRFIURNqBSQjewZ7FisAeAJMRmUtAA0Ea1FTdHAwTzB_BQ0E/middle,16.0,HoneyB,Z0003479,"美しい街・ルーベルンで巻き起こる、謎の連続殺人事件。ある日、物静かで地味なイザベラのもとに、殺人鬼から招待状が届く。
いかなる快楽と幻覚に惑わされようとも、決して恋に落ちてはならない…命を懸けた十五日間の賭けが、今始まる！",90.0,916.0
皇帝の犬に転生しました,https://manga.line.me/product/periodic?id=Z0003653,https://linemanga-obs.line-scdn.net/0hbs6W-qqPPVwLLiNZVyRCCy5zOzNyQipVYRhsaHBpNy84HiB9RQkPPS9vChxAViUIU0omOyksZ2wlW3oOPxx0Myt7/middle,3.0,Lee huin(原作)・muneobal(作画)・Namdogyeom(脚色),Z0003653,"不慮の事故に遭い、異世界に転生した華。
お姫様として生まれ変わり、リッチでゴージャスな人生を送れるかもーー！？
しかし、目に飛び込んできたのは白くてモフモフな犬の前足で…",54.0,543.0
黒幕お坊ちゃまにお仕置きをしたら執着されてしまいました,https://manga.line.me/product/periodic?id=S148481,https://linemanga-obs.line-scdn.net/0h8G50uHnBZ2gISXZxLZMYPz0UYQdxJXBhYn82XHMObRs7eyJsYCl7CC0MOV12KXJqNX0/middle,21.0,REDCARROT・Quince・Lunal,S148481,黒幕の主人公の暴走を防ぐ18禁小説の中に憑依転生した　私は力のない主人公をいじめる悪役のメイド　世界の滅亡を阻止し、憑依転生者のバラ色ライフを送るため、原作を変えることを決意した　しかし、主人公に会おうと向かった先にいたのは　ふわふわまんまるほっぺを持つ5歳の姿の男の子で…？　力を奪われて、子どもの姿になった原作主人公　こうなった以上、とりあえずほっぺたを触らせてください！　こうして始まった第２の人生で、無事原作主人公の暴走を止められるのか？,47.0,491.0
野獣な皇太子を手懐ける方法,https://manga.line.me/product/periodic?id=S148074,https://linemanga-obs.line-scdn.net/0hRr4QbQTLDV0JKBzzEodyCjx1CzJwRBpUYx5caXJvBy46SB9fPR0QM3ltU2klHBlZM0c/middle,4.0,KIMJIWOO・Tricialimi・MSTORYHUB・U-NEXT,S148074,理不尽な離婚要求に耐えられず、別荘に逃れた令嬢レアは散策中に野犬に襲われる。一匹の黒ヒョウが彼女を救うが、実はその正体は皇太子で!?「俺の伴侶になってくれ」野獣な皇太子と令嬢の危ない恋の物語!!,25.0,254.0
限界突破～10万レベルの修行者～,https://manga.line.me/product/periodic?id=Z0003104,https://linemanga-obs.line-scdn.net/0hIXtROoIGFndJKwhOFldpIGx2EBgwRwF-Ix1HQzJsHAR6WhdXEkoEEQxbNjMabBVzKk8NEG8iSEViXlElfR1fGWx4/middle,2.0,3J,Z0003104,"五千年前の神話の時代…修行者であるアミンは自らの特異体質のために錬体期(れんたいき)を突破し次の境地へどうしても辿り着くことができなかった。師匠から伝えられた「大陸の核」を追い求め、アミンは古代の時代から五千年後の現在まで幾度となく転生を繰り返す。すでに彼の錬体期は99942層にまで達していた。
自らは転生することで永遠の若さを保つも周りは皆消えてゆく。
ある時死んだ仲間の家族が滅亡の危機にさらされ、アミンが転生した人間、皇蓮に協力を求める。
まずは10万層を目指すアミンは果たして現在の世界で次の境地へと達することができるのか？",30.0,302.0
死神令嬢は黒幕お兄様を救済したい,https://manga.line.me/product/periodic?id=S149778,https://linemanga-obs.line-scdn.net/0hCXm_qb8aHHdQJg3aLKpjIGV7GhgpSgt-OhBNQythFgRjRFokZRNaRnFjQkN8EFsnaBM/middle,5.0,佐川小巻・嘉七・PRISMstudio・Sony Music Entertainment (Japan) Inc.,S149778,「お兄様どうか幸せに―――」　王族に謀反を起こし、反逆者となってしまったバーンスタイン家公爵タイタス。彼は妹のメイディスを【王族の生贄】から守るために黒幕として暗躍していた。しかし、ついに追い詰められ兄妹共々殺されてしまう――。その瞬間、タイタスが反逆者になる2年前に死に戻りしたメイディスは、兄の死を回避し、【王族の生贄】の秘密を探るため、自分たちを殺した張本人である兄の親友であるディエル王子に婚約者として近づこうとするのだが…!?,56.0,565.0
青春ラブサム,https://manga.line.me/product/periodic?id=Z0003630,https://linemanga-obs.line-scdn.net/0hmuRfh_AgMlpvHyxyHw1NDUpCNDUWcyVTBSljbhRYOClcUXNoCQ4pfBV9Dw4bTAt_GnspPR8Xam5BanUIWiotOUgb/middle,26.0,ホンドク(原作)・NEMONE(作画),Z0003630,"「青々とはしてないけど、私は大丈夫」
前作『青春ブロッサム』のエピローグから１年後、院長先生が新しくオープンした「Cafe 青春ブロッサム & アトリエ」で春奈と大学の同期「葵」が繰り広げる青春たちの物語。
大学生、予備校生、社会人のロマンスが詰まった、新たなストーリーで帰ってきた青春シリーズ！",89.0,916.0
ガールクラッシュ,https://manga.line.me/product/periodic?id=S133644,https://linemanga-obs.line-scdn.net/0hLzxDZqY6E1VFPQP0fOFsAnBgFTo8UQRcLwtCYT56GSZ2C10ELF5YZjd4TWBpDgFTeAg/middle,2506.0,タヤマ碧,S133644,歌もダンスもできてスタイル抜群の百瀬天花は高校1年生。なんでも上手にこなせるけど、恋だけはうまくいかない。そんなとき、K-POPが大好きな佐藤恵梨杏に出会い、そのひたむきな姿に目がくらんで――。少女たちの青春は、K-POPアイドルの夢に向かって動き出す!!,525.0,7756.0
世界終末シェルター,https://manga.line.me/product/periodic?id=Z0003660,https://linemanga-obs.line-scdn.net/0hq6rIID8YLhlPMDAcEpFRTmptKHY2XDkQJQZ_LTR3JGp8U2EHdz0iNmhicn4rRjZNLFQ0ejgweCtgRWlLewJneT43/middle,17.0,ROAD WARRIOR(原作)・Double_S(作画)・DD(脚色),Z0003660,"3年後、この世が滅亡すると予測しあらゆる準備を整えてきた「滅亡主義者」パク·ギオ。
そして彼の予想どおり、ある日、ソウルへの空襲を皮切りに全世界は核戦争へと突入。空前絶後のアポカリプスが繰り広げられる。
周りの嘲笑に屈することなく、全財産をはたいて３年前から黙々と自分だけの防空壕を作っていた主人公のパク·ギオ。
彼がこれらすべてを見通していたのは、果たして単なる偶然の一致なのだろうか？",16.0,177.0
大悪党たちの師匠に転生した,https://manga.line.me/product/periodic?id=Z0003291,https://linemanga-obs.line-scdn.net/0hAyQArUQYHlZsOABsnBRhAUllGDkVVAlfBg5PYhd_FCVfXz9_IwJSSk16IwUISStiClwEOEgxQ2JJTVkEWA5SNU5r/middle,18.0,TENCENT Animation&Comics,Z0003291,"修仙界ナンバーワンの大悪党、姫天道に転生した陸田秀司は、転生した矢先に命の危機にさらされていた。
生き延びるためには自分や弟子たちが善行を積むことで、功徳点を稼がなければならないのだが、スタートの点数はなんとマイナス10万点！？
さらに、弟子たちは九人とも姫天道によって悪党に育て上げられているため、功徳点はなかなか増えない…。

果たして彼は、過去の自分が育てた悪党を改心させ、残り寿命を延ばすことができるのか――",12.0,138.0
ゴッドハンド天魔様～心の凝り、ほぐします～,https://manga.line.me/product/periodic?id=Z0003648,https://linemanga-obs.line-scdn.net/0hNLtLtZJUEWNJNQ9mFPFuNGxoFwwwWQZqIwNAVzJyGxB6ezZSEjQ_VQxRPC8ibjBGClELDG43R1RtQFYxfQdYA2U3/middle,29.0,Lee Seokjun(脚色)・ Soso(作画)・TwinRabbits(原作),Z0003648,"天に届く魔(ま) 天魔(てんま) と呼ばれたカン・テハン
60年ぶりに ついに元の人生に戻る！

「ほう こんな恵まれた時代に このていたらくとは…」

「そなたの身体が助けを求めて叫んでいるのが聞こえぬのか？」

老け顔で説教くさい天魔 カン・テハンの
肉体的 精神的 疲労回復プロジェクトが始まる！

酒と残業に疲れ果てたサラリーマン
身体を壊して成績が振るわないアスリート
人生の重みに押しつぶされそうな一家の大黒柱
その重みに耐えるために脂肪を蓄えた現代人

人生に疲れた現代人よ 皆ここに来て 癒されるがいい！",10.0,129.0
知らないアイツ,https://manga.line.me/product/periodic?id=Z0003275,https://linemanga-obs.line-scdn.net/0hhR9iAgJ2N30EECkl4-JIKiFNMRJ9fCB0biZmSX9XPQ43S3dIW3EmYXFpaixPYQprTHQtHygVYEkuZXAvPiR4GykU/middle,101.0,kang eun young,Z0003275,"全てを分かり尽くした、幼なじみのカン・シンナとキム・ラウン。
ある日シンナは、ラウンの二重人格的な姿を見る事になる。
純粋だったラウンが、突如サイコパスに…！
ラウンの秘密を自分だけが知る事になったシンナ。
親しかったラウンが赤の他人のように感じ、戸惑い怯え、試練の日々を過ごすのだが…",39.0,491.0
ふつうの女の子,https://manga.line.me/product/periodic?id=S150075,https://linemanga-obs.line-scdn.net/0hO0S2WiHwEB9uSwGhbYBvSFsWFnAXJwcWBH1BKxUMGmxdcwNMAHlacEIOTitDfwRMUn8/middle,29.0,蒼井まもる,S150075,「目に焼き付けて　最初で最後の私たちの赤ちゃんよ」某所某日、ある夫婦のもとに女の子が生まれました。アンと名付けられたその子の、一生のお話。,20.0,229.0
好き？なら死んで！,https://manga.line.me/product/periodic?id=Z0003404,https://linemanga-obs.line-scdn.net/0hb9be4qpBPRZfHCMSEhZCQXpBO3kmcCofNSpsIiRbN2VsZCI8Oxt6BDpYYSYCXnsJAHgndXoYYiJ7aXpEay11dn9J/middle,1.0,ヨンキ(原作)・jaw(漫画)・PTJ cartoon company(企画),Z0003404,"男なら一度は振り返って見るような美貌を持つ｢美玲｣の
職業はネット配信者、ライバー。
視聴者数を増やして有名になることだけを夢に見ながら、
必死に頑張ってきた彼女に、ゆっくり近づく二つの黒い影。
まんまとやられるなんて冗談じゃないわ！
｢お互いにやり合って死ねばいいのよ｣
三人の若い男女がオンラインとオフラインを行き来する
サスペンススリラーラブロマンス！",34.0,341.0
悠の純情,https://manga.line.me/product/periodic?id=Z0001664,https://linemanga-obs.line-scdn.net/0hNZyTvoDHEXVELQ9wdsduImFwFxo9QQZ8LhtAQT9qGwZ3HB0ifygKYzZGFRg1aAJFeEkLGmMvRkFqWFYncB9ZFDF4/middle,15.0,esol,Z0001664,女子高生に間違えられるような容姿をもつ悠。彼は校内の人気者、麗に密かに恋していた。しかし人見知りな悠は同じクラスの麗に話しかけることすらできないのだが・・・,87.0,885.0
二度目も娘に生まれました,https://manga.line.me/product/periodic?id=Z0002370,https://linemanga-obs.line-scdn.net/0hwQbHD20FKH5fMTmsfAhXKXpsLhEmXT93NQd5SiR2Ig1sdhhVGwpvHiE1NS85WBhLE1UyGC4xf09xRG8tNFdjHH5l/middle,183.0,Yong Wonchang(漫画)・New pangpang(原作),Z0002370,"私は長女として生まれ5歳で死んだけど、二度目の人生も同じお母さんのもとで生まれた。七歳になった頃お母さんが亡くなった。遺品として残した紙一枚を持って旅に出たとたん出会ったピンク色の髪の毛を持つ男。あなたが私のお父さんですって？ しかも皇帝！？ お兄さんも3人いる⁉
お母さん…私、新しい家族と仲良く過ごせるかな？",158.0,1763.0
反逆の戦神,https://manga.line.me/product/periodic?id=Z0001775,https://linemanga-obs.line-scdn.net/0hh5TJ_DViNxppMykjaNFITUxuMXUQXyATAwVmLhJ0PWlaBgoOKFQ6PhdFa35GZDcpXVctLko1by5ERnBIXQV6fhw3/middle,2.0,XIAOMINGTAIJI,Z0001775,"最強の武魂を持つ戦神だった大成だが、信じていた者たちに裏切られた…
百年後、廃人扱いをされる弱い体の持ち主に転生する。天はまだこの俺を見捨ててなかった！天下無敵の戦神と呼ばれた男の痛快な復讐劇が今始まる――！",22.0,222.0
救済に疲れたのでもう休みます,https://manga.line.me/product/periodic?id=Z0003397,https://linemanga-obs.line-scdn.net/0hnhp8VPeDMUdNQS8oyDFOEGgcNyg0LSZOJ3dgczYGOzR-Oix6CC8hZhoUGwNmCixPLyUrdGBEbHBmNHYVdCIudmhH/middle,20.0,chomeong(脚色)・dolla(作画)・oceanlady(原作),Z0003397,"悪魔に支配された現世を救うために何度も回帰するが、結局失敗に終わってしまう助け人のヨンハ。
15回目の回帰では、助け人の使命を放棄することにする。
ところが弟子ができて…。世界がどんどん救われ始める？
果たして休みたいというヨンハのバケットリストは叶えられるだろうか？",26.0,280.0
キャンパスラブらしいよ、知らんけど,https://manga.line.me/product/periodic?id=Z0002801,https://linemanga-obs.line-scdn.net/0h-7z6XYaYchhHT2wdAXINT2ISdHc-I2URLXkjLDwIeGt0LHwGIVNuKRVNbnAWLGEQOStoKzBNLyxoOjVKc307fWYf/middle,10.0,孔哲陳,Z0002801,"平凡な大学生ハユン。 突然の旅でにカンオンに遭遇する。 
カンオンはハユンに一目惚れして告白するが、
ハユンは彼を断る。 
そして二度と会うことはないと思っていた二人は
学校のサークル募集期間に再会することになるが..! 
あれ？どういうわけかサークル「君」に一緒に入って、え？
 「君」の会長ジイルまでハユンが好きなの？！ www
 これ妄想じゃない。 本物。",52.0,530.0
君に贈るキヅタ,https://manga.line.me/product/periodic?id=S150795,https://linemanga-obs.line-scdn.net/0hXrlAz3EgB11ROBk6md94CmRlATIoVBBUOw5WaSp_DS5iX0kObFtLbyR9WWl-XUdYb18/middle,20.0,Ｍａｒｉｔａ,S150795,人生２度目の「転生者」・菫(スミレ)は、前世で受けた恩を返すため、恩返しの対象者を探す日々を過ごしていた。ある日、幼馴染みの烏羽（カラスバ）に、この街に来たばかりだという青年・琥珀(コハク)を紹介される。菫は琥珀が自分の対象者であると感じ、彼を幸せにしたいと強く思うのだが、二人の間には大きな秘密があって…？,64.0,660.0
炎上するほど最強へ～配信無双の復讐者～,https://manga.line.me/product/periodic?id=S150399,https://linemanga-obs.line-scdn.net/0hSrFX8uaODF17IR3bcgdzCk58CjICTRtUERddaQBmBi5IRk5cEEYTOF9kUmlWRBsDEEc/middle,3.0,黄波戸井ショウリ・Plott,S150399,「ダンジョン」へ繋がる扉とそれを攻略する「覚醒者」が活躍する現代世界。無能力者の主人公・赤城炎馬(あかぎえんま)は、ダンジョン攻略の配信活動を行う覚醒者の妹・あゆみのサポートを行なっていた。しかし、ある日兄妹は何者かに襲撃を受けてしまう。意識を取り戻した炎馬の目に真っ先に映ったのは無惨に殺されたあゆみの姿…。怒りと復讐心に染まった炎馬の前に突如現れたのは「ヴォックス」と名乗る謎の魔族。復讐のために全てを投げ打つ覚悟をした炎馬はヴォックスと契約し、“炎上するほど強くなる”という能力を得る。妹を殺した謎の男に復讐するため、炎馬は「炎上系配信者」としてダンジョン内に蔓延る法で捌けない悪を捌きその名を轟かせていく。【クレジット】黄波戸井ショウリ（原作・脚本）萬 福朝　/　青柳宇一郎　/　かかしのかかと（ネーム）イマサダ(キャラクターデザイン)デジタル職人株式会社（キャラクターデザイン・線画・背景・着彩・仕上げ）新倉拓馬　/　小林冬芽　/　小林栄暁　/ 　村山亜里紗　/Plott（プロデュース・ディレクション）,17.0,173.0
転生聖女の後かたづけ,https://manga.line.me/product/periodic?id=S147733,https://linemanga-obs.line-scdn.net/0h5xOeCWHlaldyHHtmongVAEdBbDgLcH1eGCo7YwlbYCRBKi5VGnNxNlFZNGJXLiQCHXg/middle,5.0,天乃聖樹・西屋仁紀・よるま・かしきな・booklistaSTUDIO,S147733,「千年のあいだ　貴女をお待ちしておりました」　天涯孤独の少女アウラは、自分が大聖女の生まれ変わりだと知る。かつて彼女を愛した大精霊たちは、アウラの死を嘆いて闇に堕ちていた。愛する大精霊たちを救うため、アウラは王子レオンハルトの特務部隊に参加する。「これは　千年前の後かたづけ」,35.0,355.0
初恋の離婚弁護士になりました,https://manga.line.me/product/periodic?id=S150244,https://linemanga-obs.line-scdn.net/0h6OrMQ7_0aWBPNHjeH2AWN3ppbw82WH5pJQI4VDRzYxN8DC4ydQF1BzhxN1RiAy81elA/middle,3.0,SY・サイハラ・拓思文化,S150244,売れっ子俳優の道を後にして、幸せな家庭を夢見て結婚を選んだ二上真希。彼女の夢は夫の浮気によって終わりを告げた。離婚を決心した今、真希に必要なのは息子に対する養育権を取ってくることだけ。夫との負けられない戦いをはじめようとしたその時、彼女の前に危険そうな男が現れる。,9.0,93.0
このキスは演技じゃないから,https://manga.line.me/product/periodic?id=S147066,https://linemanga-obs.line-scdn.net/0hrZMktRT0LXVwEjM8yC5SIkVPKxoJfjp8GiR8QQtVJwZDJWxwGHE1RFRXc0FacW5zGCQ/middle,10.0,ボルテージ,S147066,【消えた天才子役×超人気俳優の起死回生ラブストーリー】かつて天才子役として名を馳せていた藍原澄は、主演舞台の公演当日に舞台に現れることなく、ドタキャン女優として一瞬にして週刊誌や世間を騒がせた。しかしそれは、親友に仕組まれた罠だった……。数年後、世間から隠れるようにして生きる澄の前に、かつての親友で自分を陥れた張本人・藤崎ゆりが現れる。澄は女優として第一線を歩むゆりに復讐をするため、再び芸能界に戻る決意をする。「やっぱり私には、演技しかない」圧倒的な逆風の中、窮地を救ってくれた人気俳優・真木耀介との共演をきっかけに、二人は次第に心を通わせていき……＜企画・原作・監修・制作＞ボルテージ＜脚本＞和泉杏咲＜ネーム＞白水汰一＜キャラクター線画＞nemo7＜背景線画＞サクシード株式会社＜着彩＞十神イロ（1話）・サクシード株式会社（1話～）,12.0,130.0
忌み子と呼ばれた召喚士@COMIC,https://manga.line.me/product/periodic?id=S118911,https://linemanga-obs.line-scdn.net/0hX-teT5GfBwJJHBa5uKh4VXxBAW0wcBALIypWNjJbDXF6eBUEcn1NYWlZWTZkJBBXcng/middle,0.0,コイシ・緑黄色野菜・こよいみつき,S118911,「俺の家族に手を出す奴には容赦しない！」『人×精霊』の家族が世界を揺るがす爽快召喚バトルファンタジー、待望のコミカライズ！！描き下ろし特別漫画 ＆ 原作・緑黄色野菜先生による書き下ろしSSを収録！【あらすじ】膨大な魔力と叡智を持つ精霊の力を得るため、人々が躍起となる世界。黒髪黒目の忌み子・ヴィルムは家族である精霊達と共に里を守る日々を送っていた。ある日、自ら下した判断の責任を果たす為、外界へと旅立つ事になる…。はぐれ者と精霊獣姉妹が“結果的に”世界を変革する、爽快召喚バトルファンタジーが今、始まる！,47.0,470.0
復讐のための結婚同盟,https://manga.line.me/product/periodic?id=Z0002480,https://linemanga-obs.line-scdn.net/0hHAVgBjQ8F25rHgdx2fxoOU5DEQEScgBnAShGWhBZHR1YXAhjLXEMVEtKLiQydhNnMn8KDx4XTVxEa1A6BH0MDx4a/middle,1602.0,EMMA(作画)・YUN HEESA(原作),Z0002480,"クーデターを起こし皇帝となったグストーと結婚したオリビア。
皇帝の陰謀により、妊娠後毒殺されるが貧民街で暮らしていた、見ず知らずの女性の体で目覚める。
その後、幼少期に決別した婚約者ルーカスと遭遇。クーデターで皇帝の座を奪われた“本当の”継承者ルーカスに、オリビアは自分の正体を隠して復讐のための結婚を提案する。
ルーカスも見ず知らずの女性からなぜかオリビアの面影を感じて……二人の復讐劇はいかに！？",255.0,4152.0
キリング・キラー,https://manga.line.me/product/periodic?id=Z0002727,https://linemanga-obs.line-scdn.net/0hEM43t1KXGmIJSgRnVzNlNSwXHA1wJg1rY3xLVnINEBE6ASpHRWgFZVFNBRVfPTswZy4AAH9IRlQkP10wPXhTVCwe/middle,0.0,ABack,Z0002727,"10年前、殺人鬼によって両親を殺された
主人公「和泉佑(いずみゆう)」
ついに仇のジャックの首を切ることに成功するも…
なんとジャックが生首のまま話しかけてくる。
「君の両親を殺したのは僕じゃない」
真犯人が超能力を使う殺人鬼集団に属する
「契約者」だと知った和泉佑はジャックの手を借り、
契約者たちを狩ることを決意する",17.0,170.0
最強の種族が人間だった件【タテヨミ】,https://manga.line.me/product/periodic?id=S126999,https://linemanga-obs.line-scdn.net/0hzxuzpHt_JVdIAzXhFhVaAH1eIzgxbzJeIjV0YzNELyR7MGVVfW0-NDhGe2JkZjUIJmQ/middle,621.0,柑橘ゆすら・夜ノみつき・ななき・野々宮ななほ,S126999,人間でいることが最強の条件だった！　ある日突然、剣と魔法の異世界《アーテルフィア》に召喚された俺。平凡なサラリーマンの俺が、なぜか目の前にいたエルフの美少女・リアに「人間さま」とか呼ばれちゃって、超崇拝されてるんだけど!?　なんと俺が召喚された異世界では人間こそが『最古にして最強の種族』だった！　この世界では俺の髪の毛一本ですら、規格外の魔力があるらしい。俺の力を巡って争いが起きるのを避けるため、リアと共に安住の地を築くことに！　家の地下に温泉を見つけたり、スライムが俺の人間パワーで可愛い幼女になったり、なんでもありの無敵の人間パワーで、俺はストレスフリーの異世界ライフを満喫することを決意するのであった！,79.0,1411.0
ライフ・チェンジ～人生交換で勝ち組確定～,https://manga.line.me/product/periodic?id=Z0003524,https://linemanga-obs.line-scdn.net/0hU_ShyNlCCnBuERRJZcp1J0tMDB8XfR15BCdbRBVWAANdSDJYNAIxFTNkIisQXRN1FHUQQxgYVUlEZE0iWidGQ01D/middle,1.0,Chadian animation(作画)・Ghosts(脚色)・dumpling(スタッフ),Z0003524,"突如主人公木田達彦の前に現れた怪しげな表示。
「人生を交換して誰かに解決してもらいましょう！」
それは達彦にしか見えていないようだった。
招待状を受け取り逃げ道はないと参加する達彦。
顔しか取り柄がなく不安になる彼だったが、なぜか人生を交換してほしいと人気者に…！
果たして達彦が選ぶ人生交換相手とは、そしてその行方は！？",3.0,31.0
ザ・ハンマー～回帰した大陸最強騎士～,https://manga.line.me/product/periodic?id=Z0002792,https://linemanga-obs.line-scdn.net/0hPdn95GezD0tTQB612uFwHHYdCSQqLBhCOXZefygHBThgeDt0DSMkWHA8Fit8Kgh_bSQVLSZIVHx5NUgYOiIQfiJH/middle,104.0,Painkiller(原作)・Mensu(作画),Z0002792,"魔王軍７軍団長の頭を最後の一撃で割ったあと、死の危機に瀕した「タイニィ」。
人類の滅亡を食い止められなかった絶望の中、唯一辛うじて息があった戦友である「剣帝」は、家宝の力を借りてタイニィを回帰させる。
大陸最強の騎士からスラムの孤児に戻ったタイニィは、前世では得られなかった新たな力を手に入れ、強い潜在能力を持つが…。
果たして、今世では人類の滅亡を防ぐことができるのか？",54.0,644.0
サキヨミ！,https://manga.line.me/product/periodic?id=S134274,https://linemanga-obs.line-scdn.net/0hj5vl-QoENRpLFSW42FpKTX5IM3UyeSITISNkLjBSP2l4cXYeI3EtL29Qay9nJndOf3U/middle,40.0,山口美由紀・七海まち,S134274,私、如月美羽には誰にも言えない秘密がある。それは、人の「顔」を見てしまうと『良くない未来』が見えてしまうことがあること――！大人気小説、待望のコミカライズ！,33.0,370.0
1/3の記憶はないけれど,https://manga.line.me/product/periodic?id=Z0003506,https://linemanga-obs.line-scdn.net/0hIue4wCWlFlpYTQheb2NpDX0QEDUhIQFTMntHbiMKHClrOwt3bG4BZjk9DWMBJTl3ZCkMPC9ISGlxOFEIbHxePHpF/middle,0.0,Danggwa,Z0003506,"「30歳になってもお互い独り身だったら結婚しよ！」
世間知らずの中学時代、幼なじみと冗談で交わした約束。
数年の月日が経ち、30歳になる年。蓮花は、大学時代からの彼氏との婚約破棄にショックを受けてしまう。呆然とと歩いているところを車に轢かれてしまい、ふと目覚めると10年間の記憶が消え、幼なじみが私の家族として対応していた。
家族？あんたが私の家族だって？
「私たち、本当に結婚したの!?」",14.0,140.0
妖魔狩りの末裔－俺だけ不死身の覚醒者－,https://manga.line.me/product/periodic?id=S151361,https://linemanga-obs.line-scdn.net/0heWPqHGPBOnhtCCQMDh5FL1hVPBcUZC1xBz5rTBZPMAteaikqUm1yHEpNZExEOX0sA24/middle,0.0,売報小郎君・CAT-CreativeGroup・JAMTOON,S151361,平凡な大学生の佐良羨心（さがら　せんしん）は、20歳の誕生日に家系の秘密を知らされる。本当の親が別にいて、遺産を遺してくれていると―。遺言通り遺産である黒い玉の封印を解くと、巨乳美女な那瑠（なる）が登場！その日から生活は一変、今まで見えなかった妖魔が見えるようになり、那瑠と共に戦う日々が始まった。羨心は能力を覚醒させて鍵を集め、妖魔の宝物が眠る伝説の秘境・万神宮に辿り着くことはできるのか…！,4.0,40.0
残影の夜,https://manga.line.me/product/periodic?id=Z0002138,https://linemanga-obs.line-scdn.net/0hHQ-XOHNcF34QIQl7XUNoKTV8ERFpTQB3ehdGSmtmHQ0jRSBaaxkmYUJHOi9hTQxPbEUNTTMiQUk4VFAsJBNfHjYl/middle,10.0,yung,Z0002138,予知夢を見る｢広田美波｣は、ある日忘れてしまっていた悪夢の内容を思い出す。ノートには記憶にない夢に関する内容が書かれているが..。「こんなの描いた覚えはない…でも、これは私の夢のはず…。」夢で見た怪物たちが少しずつ現実に現れ、特別な能力を持った人々が姿を見せ始める。,31.0,320.0
恋愛攻略ゲームは一度じゃ終わらない!?,https://manga.line.me/product/periodic?id=Z0002586,https://linemanga-obs.line-scdn.net/0hUh-tlfPeCkcQDRR-Q2V1EDVQDChpYR1Oejtbc2tKADQjZT5JbxJDUmJYBwtebylSK2kQKTUOVnU1eE0VJDtMJTZa/middle,0.0,CHINA LITERATURE,Z0002586,"乙女ゲームの世界に転生した私は、バッドエンドを迎えた。これで元の世界に戻れると思いきや…なぜか乙女ゲームの世界に再び転生してしまった。しかも攻略キャラたちの好感度が80％のまま始まっていて逆ハーレム状態に！？
果たして5人の男を同時に攻略して元の世界に戻ることができるだろうか？",36.0,360.0
トロールトラップ,https://manga.line.me/product/periodic?id=Z0001215,https://linemanga-obs.line-scdn.net/0hqD2caezxLmsPGjBuSbNRPCpHKAR2djliZSx_X3RdJBg8fDk9NCYmaHxdIwAlfGk1dn41DHoYclkmb2k5OyhnDn5O/middle,1.0,u.bi,Z0001215,トロールを倒し、人間を救え！正体不明のハンター・アツアツによる爽快アクション,27.0,271.0
夫婦不性活 ～夫はヤリたいけど私はしたくない～,https://manga.line.me/product/periodic?id=S140154,https://linemanga-obs.line-scdn.net/0hRZbGnumsDXVfPh3-VKRyImpjCxomUhp8NQhcQSR5BwZsWk10NF9CEip7U0BxBxpxZg0/middle,1144.0,びばる,S140154,子煩悩でイケメンの夫を持つめぐみは幼稚園児の息子を持つアラサ―主婦。目下の悩みは、「夫とセックスしたくない。夫とのセックスに感じなくなっている」ということ。そんなめぐみの思いをよそに、毎晩のように求めてくる夫。今夜のお誘いはどう断ろう？デリケートな夫婦のセックスのホンネに迫る注目連載スタート!!,567.0,6814.0
側室に転生して殿下を沼らせます,https://manga.line.me/product/periodic?id=Z0003631,https://linemanga-obs.line-scdn.net/0hF-aOzR1TGQJcNgc4rHVmVXlrH20lWg4LNgBINidxE3FvRywfBBUQOilBDkcFUBkmNVIDZX8wTjdzQ15QaABVYXgz/middle,0.0,SUXIN,Z0003631,"残業中に突然死した私は、気が付いたら、昼間読んでいた三文歴史小説の中に転生し、小説の主人公、景浩歌の側室である甄初瑶になっていた。
この甄初瑶、実は景浩歌と敵対する鎮北将軍家が忍び込ませた隠密で、原作では正体がバレて殺されるかませキャラ。
このままでは殺されてしまうと察した私は、景浩歌が怪我で記憶を失っているうちに、自分を溺愛させて離れられなくしようと思いつく。
一方、景浩歌も、自らが残した記録を読んで、甄初瑶が隠密であることに気づき、この陰謀を逆手にとって将軍家を倒そうと策を練り始める。
愛し愛される演技をする二人に、ストーリーが原作から逸脱し始め…二人の未来はどうなるの？",5.0,50.0
異世界から帰還したら入隊させられた,https://manga.line.me/product/periodic?id=Z0003217,https://linemanga-obs.line-scdn.net/0hNHbgz4hbEWdfHgLu6mZuMHpDFwgmcgZuNShAUyRZGxRsaAFsNSg3dDJ9MykAfQZ5CytaB3IWSVV6a1YzYCgLVnpJ/middle,629.0,Hwanggeumbidulgi(原作)・Haeil(脚色)・Oh Comic(作画),Z0003217,"韓国の平凡な高３キム・ミンジュンは突然異世界に召喚され、黒魔術師となる。
帰りたい一心であらゆる困難を乗り越え黒魔術師として異世界を救ったミンジュンは、英雄としての人生、富と名誉を捨て地球に帰還した。
あれだけ渇望していた故郷の文物に浸ろうとしていた矢先、問題が起こる。
発生し続けるダンジョン、そこから湧き出てくるモンスターに安楽地球ライフを脅かされるだけではなく…
帰還した次の日に入隊しろだと!?",70.0,1329.0
情けない男,https://manga.line.me/product/periodic?id=Z0003599,https://linemanga-obs.line-scdn.net/0hPWQCs37SD3hsOhF8W7hwL0lnCRcVVhhxBgxeTBd9BQtfcDIuKxkUWxp9Akg0cQ1IJ14UH0s_VU5IT0gqWAtHHhs-/middle,0.0,郭百洙,Z0003599,"現実から目を背け、逃げては他人のせいにし、言い訳ばかりしてきたダメ男を極めた男。41歳で仮想通貨投資に失敗、会社もクビになり家まで追われてしまう。
そんな男が過去にタイムスリップし、未来で大人気作家となる元カノと出会うこととなるが…
彼は今度こそ大人気作家の夫になれるのか！？",2.0,20.0
転生したら古代言語が韓国語でした 【タテヨミ】,https://manga.line.me/product/periodic?id=S149361,https://linemanga-obs.line-scdn.net/0huvNg87FHKllzHjuaN1xVDkZDLDYKcj1QGSh7bQhZICpAfDoHSXlhNwVbdGwKLzlbR3w/middle,0.0,Camotero・Gajang・Gamja,S149361,ソウルのど真ん中で雷に打たれて死んでしまったヒロインは、読んでいた小説「皇帝はその花を手折らない」の脇役「シーシャ・アルビナ」に転生してしまう。しかし彼女は皇帝の「カリンヌ」に古代帝国で使われていた魔法の制御法を捧げようと手掛かりを探す途中で死ぬ運命だった。なんとか死を回避しようと、ついに古代の図書館を見つけるも、古代言語が前世で使っていた言葉「韓国語」だったことを知り驚愕する。しかも本来はヒロインのカリンヌに恋するはずのサブキャラ、「イアフ」がなぜか「シーシャ」に関心を示して――,17.0,170.0
ダブルクリック～eスポーツ部へようこそ～,https://manga.line.me/product/periodic?id=Z0003280,https://linemanga-obs.line-scdn.net/0hjt5SQPeXNVsIKiteVRVKDC13MzRxRiJSYhxkb3NtPyg7Ey1_SikPdVFwHW0ibzIKMk4vOC8oaGMjX3IJPBh8Oykj/middle,7.0,kimjanghun(原作)・parksubong(作画),Z0003280,"悪名高い難易度のゲームにおいて世界ランキング1位の記録を持つジホ。サービスが終了したとばかり思っていたそのゲームが新しくなって帰ってきた！
再びランキング1位を夢見たジホは、eスポーツ部に入部する。ゲームをするのは久しぶりだったが、その感覚は指に残っていた。しかし、ゲームが新しくなったことで、予想外の弱点が発覚する。
強い相手と対峙するほど情熱が沸き立つ主人公のプロゲーマー挑戦記！",9.0,97.0
闇落ち皇子は私が育てました,https://manga.line.me/product/periodic?id=Z0003626,https://linemanga-obs.line-scdn.net/0hjPm12AX2NX9QSCtFobVKKHUVMxApJCJ2On5kSysPPwxjECpoL1N5S3I3YyQoJRl5ESwvECBPbE59PXItZH55G30Y/middle,0.0,Natsume(作画)・Yunchuan(脚色),Z0003626,"フィールドワーク中に死んでしまった考古学者は、ある物語のヒロインの姉…悪女の鳳妤飛として異世界に転生した！
しかし再度転生してこの世界から出ていきたい鳳妤飛は、システムから課された任務を成功させなければならない。システムが要求する任務…それは、物語の主人公で皇子の蕭栩に屈辱を与え、闇落ちさせて、執念をバネに皇帝に上りつめさせること。
だが鳳妤飛はその第一歩を踏み間違え、なぜか主人公を助ける形に！？以来、嫌われ恨まれようと何をしても、結局主人公を救ってしまうのだ。
まったくうまくいかない日々を過ごしながら、本当のヒロインを差し置いて皇子の心は鳳妤飛に傾き始める。
私の再転生計画はどうなっちゃうの！？",9.0,90.0
グレイマーク,https://manga.line.me/product/periodic?id=Z0003614,https://linemanga-obs.line-scdn.net/0hE2pLQ0-AGh1NNQQZfH1lSmhoHHI0WQ0UJwNLKTZyEG5-DBkMLQ9UPBtjP3EfYz8_DlEALjswTShoQF1PeQRSeWli/middle,2.0,GM.T,Z0003614,"無数の罪を犯し、宇宙に追放された残虐非道な罪人｢グレート｣。
彼がそこで出会ったのは、宇宙の王｢ロホムロ・ガハ｣。  
ロホムロ・ガハによって過去に戻ったグレートは、かつて犯した数々の過ちを正し、幸福に満ちた未来を再び描こうとするのだった…",13.0,132.0
血月の死神〜最強のボスを目指して〜,https://manga.line.me/product/periodic?id=Z0003311,https://linemanga-obs.line-scdn.net/0hyNSVFgpSJmFuLzgaBs9ZNktyIA4XQzFoBBl3VRVoLBJdRRF1LD0dRBQsCy8IGzdxJEs8B0svcFZBWmEzVkBgVRsp/middle,1.0,COLgroup&Ehei Studio,Z0003311,"世界有数のゲーム会社・天命で働く柏原陸人は、同じ児童養護施設で育った兄の失踪を調査すべく、会社を辞職し、没入型ゲーム「幻月」に参加する。
陸人は「幻月」の制作会社である天命からゲームに関する情報を盗み出し、兄を捜す旅路に出たが、誤って非正規ルートに進んだことで、ゲームのボスたちが生息する裏世界に迷い込んでしまい、ボスの一人になってしまったのだ！！
持ち前のゲームの実力のおかげで、陸人は順調にレベルを上げていくものの、失踪中の兄は誰も足を踏み入れられない謎のエリアに消えたことを知る……。
果たして彼はボスとして成長し、兄を見つけることができるのか――",13.0,131.0
告白したら終わるマンガ,https://manga.line.me/product/periodic?id=Z0003509,https://linemanga-obs.line-scdn.net/0h7JxDlrnpaGVFPXZpK5MXMmBgbgo8UX9sLws5UT56YhZ2eCdaLyhPczpOVhETdUtSD1lyUWA1NFxsSC83KV0uUzQ1/middle,0.0,ユンディン,Z0003509,"典型的なドジっ子、加藤清名(せいな)。
傘を貸してもらったことを機に、同じクラスの大成(たいせい)を好きになるが、告白しようとする度、ミスをしてしまう…！
今度こそはと思いながらも、逃してしまう告白チャンス！
｢明日は絶対好きって言おう！｣
果たして、清名の気持ちは大成に届くのか？",34.0,340.0
ミッドナイト・スクールバス,https://manga.line.me/product/periodic?id=Z0003654,https://linemanga-obs.line-scdn.net/0hndzSXKY2MUtHKi9OG8pOHGJ3NyQ-RiZCLRxgfzxtOzh0Tg5YBD8nZD9pPSsZcwlEJ04rJWcoZ3xjX3YZcxh4JDIs/middle,0.0,Red,Z0003654,"一人が好きな高校生「アシュリン」
アシュリンは体験学習でクラスメイトと得体の知れない恐怖体験に巻き込まれる。
それ以来毎晩…正体不明の怪物に出くわすことに…。

力を合わせて怪物から生き残れ！北米ウェブ漫画ミステリージャンル第１位！",9.0,90.0
愛しい公爵に婚約破棄されました,https://manga.line.me/product/periodic?id=Z0003194,https://linemanga-obs.line-scdn.net/0h79qQDIrhaBZMKHjddE8XQWl1bnk1RH8fJh45IjdvYmV_QVASLitUGxZTdE0-bVcBJU0kJTwtNCJpXS9CJEcjImop/middle,54.0,三十(作画)・二両(脚色)・塩漬け魚の漫画(出版),Z0003194,"カサンディ公爵家たったひとりの令嬢であるラティは、幼い頃からハイスリー公爵家のヤウルとフィアンセであった。
ある日そんなヤウルから婚約解消の申し立てを受け、面子がなくなってしまうことを案じたラティは直接ヤウルに婚約解消の理由を聞きに行くが、ヤウルの馬鹿にした態度に腹を立て思わず気絶させてしまう。
こんなことをしてしまっては絶対婚約解消されてしまうと焦るラティだったが目覚めた彼は記憶を失っておりーー
「君は…誰？」
私たちの婚約いったいどうなっちゃうの…⁉",96.0,1014.0
恋愛小説の書き方,https://manga.line.me/product/periodic?id=Z0003528,https://linemanga-obs.line-scdn.net/0hk997teHfNBYETiW2_SJLQSETMnl9IiMfbnhlIn8JPmU3GnQGaCkQF0c0FX9cASQFcyoueClJbi8sO3NEOS17IyId/middle,28.0,Leebum,Z0003528,"ベストセラー作家の伊達詩温。
彼の犯罪小説｢縄」の内容と手口が全く同じ殺人事件が、現実世界で起こってしまった。

被害者がいるのに、犯人は捕まらない日々。詩温は罪悪感とトラウマで、犯罪小説ではなく恋愛小説を書こうと決心するが…
｢伊達先生が恋愛小説…？作品ではいつも何人も死人が出るあの伊達先生が？｣

詩温は｢恋｣を知るために、幼馴染の梓に付き合うことを提案する。二人の恋と事件の行方はいかに…？",10.0,128.0
格闘ゲームの法則,https://manga.line.me/product/periodic?id=Z0003327,https://linemanga-obs.line-scdn.net/0h02g1TYZMbx1aSHEZZLwQSn8VaXIjJHgUMH4-KSEPZW5pMW89IyZCf3sQc38-Cmo9Byx1fn9NOSt0PShPbnkkK3dK/middle,0.0,YUTIST,Z0003327,"格闘ゲーム「ブラッド・フィスト」の達人だった小柳 陽向にシンギュラリティが訪れた。 
現実でもゲームの中のコマンダーが見えるようになったのだ。 
ゲームに飽きていた陽向は実戦に興味を持ち始め、自分の腕力で学校を制覇しようとしていたが「ユキヒョウ」という異名を持つ室井 海斗にリングの上で大敗する。
陽向は室井との再対決のために格闘技サークル「ララパルーザ」に加入することになるが···",15.0,150.0
霜の華が咲くころ,https://manga.line.me/product/periodic?id=Z0003120,https://linemanga-obs.line-scdn.net/0hpIjiMoY9L2ZXEDFjEGtQMXJNKQkufDhvPSZ-UixXJRVkUzZvFhQBZgoUDhAsI21YGHQ0AXUSdFJ8ZWg0YyJmAHJC/middle,2.0,Danlo,Z0003120,"大延国に住む貴族の娘・李紗飛。彼女と幼なじみの男友達・泰海蘭柳秀は互いに想いをよせていた。明るい未来を信じて疑わない２人。だが、悲劇は突然訪れる。
紗飛は成人儀礼「筓礼」を済ませた翌日、第一皇子・如栗赤の謀略により、彼と結婚せざるをえない状況に追い込まれてしまう。激怒した紗飛は、婚礼を中止させようと試みるが、父親が捕えられたことで現実の厳しさを悟っていく。
帝位につく野望のために突き進む赤、権力強化を図る皇帝、実の息子を帝位につけようとする皇后…。
絡みあう人々の思惑の中で、紗飛と柳秀は愛をかなえることができるのか？
宮中を舞台に繰り広げられる純愛ラブストーリー！",8.0,82.0
ロンドの禍中（軍鶏左衛門作品集）,https://manga.line.me/product/periodic?id=Z0003637,https://linemanga-obs.line-scdn.net/0hf-nrG-91OQJTCyc1kK5GVXZWP20qZy4LOT1oNihMM3FgZywBOmQGIxNPG1Q5ejwoOG8iZCMLZzp-fn5QZj8hYCII/middle,0.0,軍鶏左衛門,Z0003637,表題作『ロンドの禍中』を含む、新鋭漫画家・軍鶏座右衛門の短編及び長編作品集。,2.0,20.0
エックスアッシュ,https://manga.line.me/product/periodic?id=Z0002472,https://linemanga-obs.line-scdn.net/0hDr0qQGAoG10NCAuErEBkCihVHTJ0ZAxUZz5KaXZPES4-PAoCVS0jZ2NUFxp8PlRbcT1QPSEBRWUjfVwJZj4BOSlf/middle,48.0,HOHOEE(文)・LKS(絵),Z0002472,"盗みの天才エックスと謎の過去を持つアッシュ。
騎士団第一の剣、リュウと運命的に出会い騎士になる！
人類最強の存在だけが集まる騎士団の試験場、エックスとアッシュは、あらゆるものを持つエリート貴族と競争して勝利しなければならない！
果たして彼らは騎士になれるのだろうか？
そして、その後、彼らの前に繰り広げられる残酷な運命は…⁉",41.0,458.0
マリーの世界,https://manga.line.me/product/periodic?id=Z0003133,https://linemanga-obs.line-scdn.net/0h2O8VcgC2bWAFL3NZU40SNyByaw98Q3ppbxk8VH5oZxM2TyszbTZhVlwsMgdIaExsOkt3DyMmM1YpWioyMRkrBXQr/middle,7.0,藤田まぐろ,Z0003133,『ここは本当に私の描いた世界なの？』漫画家・早乙女まりえは連載中の漫画がラストを迎える直前に不慮の事故で川に落ちてしまう。助けてくれたのは自分の漫画のキャラクター・魔族の王子レオンだった!? まりえは主人公のマリーとして転生していたのだ…貴族の兄弟・紳士的な兄アルフレド、可愛い弟エリオット、俺様王子のレオンに取り合われるところまではストーリー通りだったけど…！ 解らぬ陰謀、復讐劇…漫画とは違うストーリーに巻き込まれていく!?※この物語はフィクションです。実在の人物・団体・事件等とは一切関係はありません。,107.0,1077.0
チート・ギャンブルー謀略博戯ー,https://manga.line.me/product/periodic?id=Z0001178,https://linemanga-obs.line-scdn.net/0hGStFAXM-GHxJPwr9ga5nK2xiHhMwUw91IwlJSDJ4Eg96VRdqLDAkcixKPxYECjdzLVpUTzg_QUVmSl8pdloDSD84/middle,1832.0,玉置一平（作画）／中川勇樹（脚本協力）,Z0001178,IR実施法により、ついに日本に誕生したカジノ施設「カジノ・アルテミス」。そこには世界の富豪たちをもてなすための非合法な裏カジノ「カジノ・ハデス」が併設されていた…。謎のチート能力を持つ・流鏑馬和也は幼なじみの少女を救うため、裏カジノの殺人ギャンブルに挑む！※この物語はフィクションです。実在の人物・団体・事件等とは一切関係はありません。,55.0,2382.0
私を忘れないで,https://manga.line.me/product/periodic?id=Z0002872,https://linemanga-obs.line-scdn.net/0hsYr1GB0DLHZPSDJDTYZTIWoVKhk2JDt_JX59QjQPJgV8ER1-G0UqTg0xEEMaOmp7DSw2FT5IdkVkPWskenphF2NA/middle,4.0,BD(原作)・Walchi(作画),Z0002872,"由奈は旅行先で怪しい男に追われる謎の少年「 海音」に出会う。命懸けで 海音を連れて逃げるが、１か月後、 海音は由奈の目の前で死んでしまう。その後 由奈は逃げるように日本に帰国するが、17年後 死んだはずの 海音に似た男が由奈の前に現れる。その男は「神田ノエル」と名乗るが、「 海音」と重なる部分があまりにも多すぎる。彼は本当に「 海音」とは別人なのか、それとも「 海音」本人なのか。
「私を忘れないで―」
歪んだ記憶の中からあなたを見つける物語。",19.0,194.0
公爵城の呪われたメイド様,https://manga.line.me/product/periodic?id=Z0003331,https://linemanga-obs.line-scdn.net/0hCL_V6mrAHGNiLwz3oqpjNEdyGgwbQwtqCBlNVxloFhBRbTpMBSoQUBpQQBIWVhAyLBpXA04pRVROWlswXR4EABUs/middle,32.0,Marucomics(作画)・Odanrobot(原作),Z0003331,"「あの女、俺の目の前から消してくれ」
冷血な公爵様に目をつけられてしまった。
なのにこの呪いを解くためには公爵様と一緒にいなくてはいけなくて…！？
だったら…！
「わ、私、閣下のことが好きです…！！」
この危険な賭けが…効いた？
公爵様と呪いと共にする、爽やか公爵城ライフ！",26.0,292.0
13皇子の恋,https://manga.line.me/product/periodic?id=Z0003442,https://linemanga-obs.line-scdn.net/0h513tEC-Cah4ODXuKHe0VSSpQbHF3YX0XZDs7KnVKYG09YSQPNy9tAWhXPV5aOigaM2lwfX4LNydmPSlLZW4hKC0/middle,8.0,zestkyo,Z0003442,"悲しい秘密を抱える女戦士アルキナ。
そしてそんな彼女の側にいたいと願うドラグントゥス皇家の第13皇子キラード。
しかしある日を境に彼の運命は一変したのだった。
｢愛｣のため新たな道を歩むことになったキラード、いったい彼の運命はどうなってしまうのか!?",23.0,238.0
心臓を貫く毒牙,https://manga.line.me/product/periodic?id=Z0003423,https://linemanga-obs.line-scdn.net/0h21dBSWB7bR5ZO32ZWw0SSXxma3EgV3oXMw08KiJ8Z21qbXAKGyRQHHRgSWYsSyo7M14hLS48NCtwTipNZQ8gf3g7/middle,77.0,yekyung(作画)・3S(脚色)・YoungOneDot(原作),Z0003423,"悪魔召喚の現場を示唆する血だらけの穴。その中から心臓のない十三の死体が見つかった。
六芒星の真ん中に転がっていた死体がゆっくり起き上がった。手足を粗く縫ったボロ布が自らを見下ろした。
「少し厄介なことになりそうだ。」地獄の7番目の大悪魔が頬を掻いた。彼の入り込んだ体は、奴隷の血が流れる少女だったからだ。",43.0,507.0
絶滅危惧種人間,https://manga.line.me/product/periodic?id=Z0003364,https://linemanga-obs.line-scdn.net/0h8L4IgHZbZ2MJMHlnMAwYNCxtYQxwXHBqYwY2V3J3bRA6eCUzQSV_RitIegBxWUlDT1R9DXg1O1YjRSAxPQEsVihj/middle,0.0,SAHARA,Z0003364,"――ある日突然全員の願いが叶ったら
果たして皆が満足するだろうか？――

巨大な彗星｢アシア｣が地球を襲った日全ての人間の願いが叶ってしまった…
それがむしろ災難と化したこの世界に願いによって能力を得た超能力者が現れた！
彼らは人類が絶滅するのを阻止するため英雄になることを選び怪物と戦うことになるが…？
人間VS怪物 
最後まで何が起こるかは誰にも予測不能！
ハラハラドキドキの物語が今始まる…！",3.0,30.0
求む、聖剣。,https://manga.line.me/product/periodic?id=Z0003272,https://linemanga-obs.line-scdn.net/0hK4kyMtNbFBtWAAUuwhVrTHNdEnQvbAMSPDZFLy1HHmhlcgkPFTwHf3dXI1YgVxYvOWQOKCAITCt5dVNIYzIJfHED/middle,3.0,CHOIDAKIL,Z0003272,"魔王を倒せるたった一つの武器
聖剣
を無くした勇者…
聖剣を取り戻すまで勇者は探し続ける。
10年、20年、30年…
龍の棲み家から精霊王の隠れ家まで、勇者は今日も聖剣を探す。
聖剣を失くした勇者なんて
超恥ずかしいから。",26.0,263.0
地獄育成アプリ,https://manga.line.me/product/periodic?id=Z0003218,https://linemanga-obs.line-scdn.net/0hqcp30V9ZLkxNSj6DJFhRG2gXKCM0JjlFJ3x_eDYNJD9-CCx9LlVieCsJNno2BWBxJ39lLGFCcn5jP2kYJSloeWpO/middle,30.0,SEHA,Z0003218,"朽ちた｢地獄｣を成長させる悪魔のアプリ｢地獄育成｣！
プレイヤーが望むものすべてを
授けられる｢地獄｣を成長させるために
生身の人間をゲームの中に閉じ込め
痛めつけなければならないが…
悪魔になりすべてを手に入れるか？
人間の心を保ち不公平な世の中を耐え抜くか？",26.0,290.0
騙した公爵様を誘惑しちゃいました,https://manga.line.me/product/periodic?id=Z0002767,https://linemanga-obs.line-scdn.net/0hEVNxUS8NGnlzAQkIVnNlLlZcHBYKbQ1wGTdLTQhGEApATSNcMxdQQz9kHE4jZVVrLWRWSgMJQUhadF0sS2RQSFYF/middle,83.0,T.Heimdallr(企画・制作)・Bae Hee Jin(原作),Z0002767,"生計を立てるため男爵令嬢の身分を隠してギルドで働くマリア。
ある日、ベリーウィンター公爵の結婚式をぶち壊すという依頼を受ける。
「この結婚、異議あり！私のお腹の中には…公爵様の赤ちゃんがいるのです！」
マリアの衝撃的な告白に結婚式場はざわめき、そろそろマリアが立ち去ろうとした時…
「ハニー、どうしてもっと早く来てくれなかったんだい？」
ベリーウィンター公爵が初対面のマリアをハニーと呼んで…？",59.0,673.0
304号室,https://manga.line.me/product/periodic?id=Z0002764,https://linemanga-obs.line-scdn.net/0hkGdt1tqHNGhZDSYqY0FLP3xQMgcgYSNhMztlXCJKPhtqRBg8HTEkRxx1HTkmWhduPWwpCS8LY1B9eHM-Ymt_Wn1e/middle,1.0,イマレン,Z0002764,"就職の面接のためにソウルに来た「チャン・ウヨン」。
一晩泊まることになった高級そうなモーテルの額縁の裏から、隣の部屋が見えるマジックミラーを見つける。
しかもそこにいたのは国民的ガールズグループ リリーズのメンバー「イ・スジン」。警察に通報しようとした瞬間、スジンの部屋に正体不明の男が訪ねてきて、彼女にナイフを突きつける。一触即発の状況でウヨンはスジンの部屋、304号室に駆けつける。",25.0,251.0
密室マフィアゲーム,https://manga.line.me/product/periodic?id=Z0002470,https://linemanga-obs.line-scdn.net/0h-KBj81hxcmR_E2DvNKENM1pOdAsGf2VtFSUjUARUeBdMa3ZaJA1JZQJuWRImXDZqPnY-Vw4bKlxSZjUxQHw6Vw8X/middle,192.0,baek ji-un(漫画)・WONS(脚色)・PAN(原作),Z0002470,平凡な高校生カン·ジュンは、ある日彼が目を覚ますと密室に閉じ込められていた。周囲に発見したのは古いMP3一つ。そのMP3に残っていたメッセージで自分は毒を飲んでいて、残り3時間しか生きれないという衝撃的な事実を知ることに。普段、推理クイズマニアだったカン·ジュンは、数年間積んできた推理力で手がかりを探し密室を脱出しようと試みるが、理想と現実は違う。ミスを連発し、結局毒が広がり血を吐く緊迫した状況に至った彼の目についた最後の手がかりは果たして！この地獄のような密室を脱出する方法はあるのか！,72.0,912.0
（ノベル）チュートリアル塔の廃人,https://manga.line.me/product/periodic?id=Z0002053,https://linemanga-obs.line-scdn.net/0hk9t5okitNBZJTCoTDdxLQWwRMnkwICMfI3plIjILPmV6Oi0IcSkOLGkvCXIgJypJLigueGVOaCFnOXNEfX59cT9K/middle,0.0,Indoor Kim,Z0002053,"『チュートリアル塔の廃人』の原作ノベル、遂に登場！
ある日、世界中に突如として出現したモンスターと塔。強制的にその塔に連れていかれた人々が塔から脱出するためにはあらゆる試練をクリアするしかない。生き残った生存者は特殊能力を持ったハンターとなり人類のヒーローになるのだ。 12年間チュートリアル塔に閉じ込められていた「佐藤健太郎」。塔の無限の呪いにかかった彼は1349回クリアを繰り返し強力なハンターへと成長していた。そんなある日、彼の呪いは解け塔からの脱出に成功するのだが…！ 気分爽快、ぶっ飛びヒーローの登場！！",14.0,140.0
アリス-運命のタイムトラベル-【タテヨミ】,https://manga.line.me/product/periodic?id=S148954,https://linemanga-obs.line-scdn.net/0hTU8tbC-GC3oFDRqNwL10LTBQDRV8YRxzbztaTn5KAQk2NU8tPjlHGSJIVU96aEt4Pm0/middle,0.0,Kim Kyu-won・Kang chul-kyu・Kim Ga-young・YEAR ONE・Yangkifull・NHN,S148954,ある日、母さんが殺された。犯人は、証拠も痕跡も残さず煙のように姿を消した。俺には時間をまき戻す能力があったが、何度試してもその日の事件だけは防げなかった。「お母さんと瓜二つの人に出会ったら、なんとしてでも避けなさい」　タイムトラベラーにより混乱に陥る世界。タイムトラベルを止めようとする者と、守ろうとする者の争いが今始まる.,5.0,50.0
ゴーストハンター,https://manga.line.me/product/periodic?id=S145465,https://linemanga-obs.line-scdn.net/0hfjwc7UBNOUVKGinIJ7pGEn9HPyozdi5MICxocTFdMzZ5fXcWJHx2Ij9fZ3BkLH8UcHs/middle,0.0,Jji・KENAZ,S145465,生前の記憶と感情を失い、ゴーストハンターになったナム・ドユン。弟ナム・ドハの通う学校に出没した悪鬼を討伐していたところ、弟ドハが悪鬼になり、体を失ったドユンの魂はドハの体に吸い込まれてしまった。前例のない事態だったが、GMC(霊魂管理局)の首長であるオー(O)はドユンを見守ることに。その後も弟の魂を探すため任務を遂行するドユン。そして真実に近づけば近づくほど、GMCの実体が明らかになる…！,4.0,40.0
武器屋無双～歌舞伎町の怪物たち～【フルカラー】【タテヨミ】,https://manga.line.me/product/periodic?id=S143690,https://linemanga-obs.line-scdn.net/0hCvNuJZy0HFlzDAz4SstjDkZRGjYKYAtQGTpNbQhLFipAa1tYGzhXPVFJQmxfPw5fT2s/middle,43.0,Nemeton・レジカスタジオ,S143690,歌舞伎町ーーー殺人、強盗、暴行、窃盗、様々な犯罪が横行するこの街で、自営の手段を提供する“武器屋”がいた。歌舞伎町最強の呼び名の高い便利屋・土佐は、自分と同じ様に親の無い子どもたちの為に孤児院を営んでいた。貧しいながらも子ども達と幸せに暮らしてきたのだが、反社会組織とのあるトラブルによって大切な存在を奪われてしまう…！絶望し、怒りのまま復讐に臨む土佐であったが、その無謀さを止める為に情報屋の光希は土佐にある男を紹介する。その男こそ、歌舞伎町の“武器屋”甲斐であった。便利屋・土佐と武器屋・甲斐の出会いによって、街が動き出すーーー!!歌舞伎町を舞台にしたピカレスクハードアクション！,11.0,153.0
